url,attr_details_data_dict,avatar,hero_analysis,name,position,recommend_stars_dict,...
http://db.18183.com/wzry/hero/16108.html,"{""最大生命"": ""3225"", ""最大法力"": ""0"", ""物理攻击"": ""149"", ""法术攻击"": ""0"", ""物理防御"": ""94"", ""物理减伤率"": ""13.5%%"", ""法术防御"": "" 50"", ""法术减伤率"": "" 7.6%%"", ""移速"": "" 370"", ""物理护甲穿透"": ""0"", ""法术护甲穿透"": ""0"", ""攻速加成"": ""0"", ""暴击几率"": ""0"", ""暴击效果"": ""200%%"", ""物理吸血"": ""0"", ""法术吸血"": ""0"", ""冷却缩减"": ""0%"", ""攻击范围"": ""近程"", ""韧性"": ""0"", ""生命回复"": ""49"", ""法力回复"": ""0""}",https://img.18183.com/uploads/allimg/191029/266-1910291PR4-50.jpg,总的来说曜的技能看起来是很酷炫但是还不知道实战表现如何。虽然不是四技能的英雄，但是有了被动技能的强化看起来也需要像老夫子或者花木兰那样，利用好能量格以及技能的CD来打输出。这样看来对于手残玩家又是一个噩耗了。,曜,"战士,刺客","{""生存能力："": 5, ""攻击伤害："": 7, ""技能效果："": 6, ""上手难度："": 6}",{}
http://db.18183.com/wzry/hero/16135.html,"{""最大生命"": ""3041"", ""最大法力"": ""490"", ""物理攻击"": ""164"", ""法术攻击"": ""0"", ""物理防御"": ""91"", ""物理减伤率"": ""13.1%%"", ""法术防御"": "" 50"", ""法术减伤率"": "" 7.6%%"", ""移速"": "" 360"", ""物理护甲穿透"": ""0"", ""法术护甲穿透"": ""0"", ""攻速加成"": ""0"", ""暴击几率"": ""0"", ""暴击效果"": ""200%"", ""物理吸血"": ""0"", ""法术吸血"": ""0"", ""冷却缩减"": ""0%"", ""攻击范围"": ""远程"", ""韧性"": ""0"", ""生命回复"": ""43"", ""法力回复"": ""17""}",https://img.18183.com/uploads/allimg/190924/266-1Z924120G1.jpg,西施是一名拥有多段控制技能的法师英雄，而且还有着全新的机制，可以操控敌人移动，让队友能更好的完成击杀。,西施,法师,"{""生存能力："": 6, ""攻击伤害："": 8, ""技能效果："": 8, ""上手难度："": 6}",{}
http://db.18183.com/wzry/hero/16097.html,"{""最大生命"": ""3183"", ""最大法力"": ""0"", ""物理攻击"": ""159"", ""法术攻击"": ""0"", ""物理防御"": ""99"", ""物理减伤率"": ""14.1%%"", ""法术防御"": "" 50"", ""法术减伤率"": "" 7.6%%"", ""移速"": "" 380"", ""物理护甲穿透"": ""0"", ""法术护甲穿透"": ""0"", ""攻速加成"": ""0"", ""暴击几率"": ""0"", ""暴击效果"": ""200%%"", ""物理吸血"": ""0"", ""法术吸血"": ""0"", ""冷却缩减"": ""0%"", ""攻击范围"": ""近程"", ""韧性"": ""0"", ""生命回复"": ""76"", ""法力回复"": ""0""}",https://img.18183.com/uploads/allimg/190522/235-1Z5221J533.jpg,云中君不仅可以跨越地形进行偷袭，更有超强的先手控制，他的一技能可以加速飞行，并进入不可选中的状态，一旦撞击到敌人，可以让敌人眩晕。不仅如此，云中君的大招同样具有很强的留人效果，经过短暂的无敌之后，云中君的大招可以让敌人减速，并造成高额的范围伤害。,云中君,"战士,刺客","{""生存能力："": 6, ""攻击伤害："": 9, ""技能效果："": 5, ""上手难度："": 5}",{}
http://db.18183.com/wzry/hero/16045.html,"{""最大生命"": ""1600"", ""最大法力"": ""440"", ""物理攻击"": ""152"", ""法术攻击"": """", ""物理防御"": ""79"", ""物理减伤率"": ""12.6%%"", ""法术防御"": "" 50"", ""法术减伤率"": "" 7.6%%"", ""移速"": "" 395"", ""物理护甲穿透"": """", ""法术护甲穿透"": """", ""攻速加成"": """", ""暴击几率"": """", ""暴击效果"": ""%"", ""物理吸血"": """", ""法术吸血"": """", ""冷却缩减"": ""%"", ""攻击范围"": ""远程"", ""韧性"": """", ""生命回复"": ""46"", ""法力回复"": ""15""}",https://img.18183.com/uploads/allimg/181229/237-1Q2291H404N0.jpg,嫦娥拥有非常特殊的蓝盾。有蓝就有血，加上非常特殊的吸蓝技能，可以说嫦娥是非常肉的，出AP装就有很高的坦度和伤害，所以是个非常BUG的英雄。,嫦娥,"坦克,法师","{""生存能力："": 10, ""攻击伤害："": 10, ""技能效果："": 10, ""上手难度："": 5}",{}
http://db.18183.com/wzry/hero/16076.html,"{""最大生命"": ""3067"", ""最大法力"": ""0"", ""物理攻击"": ""154"", ""法术攻击"": ""0"", ""物理防御"": ""99"", ""物理减伤率"": ""14.1%%"", ""法术防御"": "" 50"", ""法术减伤率"": "" 7.6%%"", ""移速"": "" 380"", ""物理护甲穿透"": ""0"", ""法术护甲穿透"": ""0"", ""攻速加成"": ""0"", ""暴击几率"": ""0"", ""暴击效果"": ""200%%"", ""物理吸血"": ""0"", ""法术吸血"": ""0"", ""冷却缩减"": ""0%"", ""攻击范围"": ""近程"", ""韧性"": ""0"", ""生命回复"": ""76"", ""法力回复"": ""0""}",https://img.18183.com/uploads/allimg/190219/237-1Z21Z94014954.png,-盘古的1技能具有较强的操作空间，合理判断敌我的位置关系，可将敌人击退到一个对自己最有利的位置去 -盘古的大招在队友的支持下会十分强大，让队友一起抱团作战，更利于盘古发挥,盘古,"坦克,战士","{""生存能力："": 10, ""攻击伤害："": 8, ""技能效果："": 8, ""上手难度："": 6}",{}
http://db.18183.com/wzry/hero/16035.html,"{""最大生命"": ""3010"", ""最大法力"": ""440"", ""物理攻击"": ""162"", ""法术攻击"": ""0"", ""物理防御"": ""87"", ""物理减伤率"": ""12.6%%"", ""法术防御"": "" 50"", ""法术减伤率"": "" 7.6%%"", ""移速"": "" 360"", ""物理护甲穿透"": ""0"", ""法术护甲穿透"": ""0"", ""攻速加成"": ""0"", ""暴击几率"": ""0"", ""暴击效果"": ""200%%"", ""物理吸血"": ""0"", ""法术吸血"": ""0"", ""冷却缩减"": ""0%"", ""攻击范围"": ""远程"", ""韧性"": ""0"", ""生命回复"": ""43"", ""法力回复"": ""16""}",https://img.18183.com/uploads/allimg/181201/237-1Q201141Z2542.png,瑶可以说是一个非常全面的辅助英雄，探草给视野，还可以给C位一个很厚的护盾，可以说很强！,瑶,"法师,辅助","{""生存能力："": 10, ""攻击伤害："": 7, ""技能效果："": 8, ""上手难度："": 5}",{}
http://db.18183.com/wzry/hero/16025.html,"{""最大生命"": ""3215"", ""最大法力"": ""440"", ""物理攻击"": ""152"", ""法术攻击"": ""0"", ""物理防御"": ""79"", ""物理减伤率"": ""12.6%%"", ""法术防御"": "" 50"", ""法术减伤率"": "" 7.6%%"", ""移速"": "" 396"", ""物理护甲穿透"": ""0"", ""法术护甲穿透"": ""0"", ""攻速加成"": ""0"", ""暴击几率"": ""0"", ""暴击效果"": ""0%"", ""物理吸血"": ""0"", ""法术吸血"": ""0"", ""冷却缩减"": ""0%"", ""攻击范围"": ""远程"", ""韧性"": ""0"", ""生命回复"": ""46"", ""法力回复"": ""15""}",https://img.18183.com/uploads/allimg/181114/216-1Q114163524.jpg,上官婉儿每一次攻击，都是一次酣畅淋漓的书写。每一个技能，都将去体现完全不同的书写方式，篆法·疾势将会挥出一记浑劲的笔墨，对路径以及终点的敌人造成伤害。而飞白·藏锋更多是飘忽灵动的写意，除了伤害以外还会让敌人陷入其中难以移动，并且当不同的笔式交织在一起的时候，还将会爆发出难以置信的力量。一旦上官婉儿挥出章草·横鳞与墨共舞，敌人只能看见她飘逸的身姿在战场中不断穿梭，在连续完成五次书写以后，上官婉儿将化身牡丹花跃向高空绽放，她将会居高临下俯视敌人，并用自己最浓厚的笔墨痛击他们。,上官婉儿,法师,"{""生存能力："": 5, ""攻击伤害："": 7, ""技能效果："": 8, ""上手难度："": 6}",{}
http://db.18183.com/wzry/hero/16015.html,"{""最大生命"": ""3238"", ""最大法力"": ""440"", ""物理攻击"": ""171"", ""法术攻击"": ""0"", ""物理防御"": ""87"", ""物理减伤率"": ""12.6%%"", ""法术防御"": "" 50"", ""法术减伤率"": "" 7.6%%"", ""移速"": "" 396"", ""物理护甲穿透"": ""0"", ""法术护甲穿透"": ""0"", ""攻速加成"": ""0"", ""暴击几率"": ""0"", ""暴击效果"": ""0%"", ""物理吸血"": ""0"", ""法术吸血"": ""0"", ""冷却缩减"": ""0%"", ""攻击范围"": ""远程"", ""韧性"": ""0"", ""生命回复"": ""46"", ""法力回复"": ""15""}",https://img.18183.com/uploads/allimg/181023/237-1Q023113UBU.jpg,沈梦溪拥有超远的技能范围，可以说是长手怪。消耗能力强，而且还有其他法师没有的机动能力。可以说沈梦溪在后期拥有可以秒杀后排的能力。,沈梦溪,法师,"{""生存能力："": 6, ""攻击伤害："": 8, ""技能效果："": 10, ""上手难度："": 6}",{}
http://db.18183.com/wzry/hero/16005.html,"{""最大生命"": ""3173"", ""最大法力"": ""490"", ""物理攻击"": ""205"", ""法术攻击"": ""0"", ""物理防御"": ""84"", ""物理减伤率"": ""12.2%%"", ""法术防御"": "" 50"", ""法术减伤率"": "" 7.6%%"", ""移速"": "" 350"", ""物理护甲穿透"": ""0"", ""法术护甲穿透"": ""0"", ""攻速加成"": ""0"", ""暴击几率"": ""0"", ""暴击效果"": ""0%"", ""物理吸血"": ""0"", ""法术吸血"": ""0"", ""冷却缩减"": ""0%"", ""攻击范围"": ""远程"", ""韧性"": ""0"", ""生命回复"": ""39"", ""法力回复"": ""18""}",https://img.18183.com/uploads/allimg/180927/237-1P92G20133S7.png,伽罗作为新的射手英雄，拥有超远的射程和暴击伤害。在后期拥有一定装备后，远距离消耗和推进能力是非常强的。,伽罗,射手,"{""生存能力："": 4, ""攻击伤害："": 10, ""技能效果："": 8, ""上手难度："": 5}",{}
http://db.18183.com/wzry/hero/15987.html,"{""最大生命"": ""3041"", ""最大法力"": ""125"", ""物理攻击"": ""171"", ""法术攻击"": ""0"", ""物理防御"": ""79"", ""物理减伤率"": ""11.6%"", ""法术防御"": "" 50"", ""法术减伤率"": "" 7.6%"", ""移速"": "" 530"", ""物理护甲穿透"": ""0"", ""法术护甲穿透"": ""0"", ""攻速加成"": ""0"", ""暴击几率"": ""0"", ""暴击效果"": ""200%"", ""物理吸血"": ""0"", ""法术吸血"": ""0"", ""冷却缩减"": ""0%"", ""攻击范围"": ""近程"", ""韧性"": ""0"", ""生命回复"": ""50"", ""法力回复"": ""25""}",http://img.18183.com/uploads/allimg/180831/237-1PS1102021219.jpg,,盾山,"坦克,辅助","{""生存能力："": 10, ""攻击伤害："": 5, ""技能效果："": 10, ""上手难度："": 5}",{}
http://db.18183.com/wzry/hero/15838.html,"{""最大生命"": ""3166"", ""最大法力"": ""490"", ""物理攻击"": ""165"", ""法术攻击"": ""0"", ""物理防御"": ""91"", ""物理减伤率"": ""13.1%%"", ""法术防御"": "" 50"", ""法术减伤率"": "" 7.6%%"", ""移速"": "" 360"", ""物理护甲穿透"": ""0"", ""法术护甲穿透"": ""0"", ""攻速加成"": ""0"", ""暴击几率"": ""0"", ""暴击效果"": ""200%%"", ""物理吸血"": ""0"", ""法术吸血"": ""0"", ""冷却缩减"": ""0%"", ""攻击范围"": ""远程"", ""韧性"": ""0"", ""生命回复"": ""45"", ""法力回复"": ""18""}",http://img.18183.com/uploads/allimg/180515/194-1P515163I9.jpg,,米莱狄,法师,"{""生存能力："": 3, ""攻击伤害："": 2, ""技能效果："": 8, ""上手难度："": 4}",{}
http://db.18183.com/wzry/hero/15967.html,"{""最大生命"": ""3166"", ""最大法力"": ""490"", ""物理攻击"": ""165"", ""法术攻击"": ""0"", ""物理防御"": ""91"", ""物理减伤率"": ""13.1%"", ""法术防御"": "" 50"", ""法术减伤率"": "" 7.6%"", ""移速"": "" 360"", ""物理护甲穿透"": ""0"", ""法术护甲穿透"": ""0"", ""攻速加成"": ""0"", ""暴击几率"": ""0"", ""暴击效果"": ""200%"", ""物理吸血"": ""0"", ""法术吸血"": ""0"", ""冷却缩减"": ""0%"", ""攻击范围"": ""远程"", ""韧性"": ""0"", ""生命回复"": ""45"", ""法力回复"": ""18""}",http://img.18183.com/uploads/allimg/180721/216-1PH1154033.jpg,,司马懿,法师,"{""生存能力："": 4, ""攻击伤害："": 3, ""技能效果："": 8, ""上手难度："": 7}",{}
http://db.18183.com/wzry/hero/15825.html,"{""最大生命"": ""3263"", ""最大法力"": ""90"", ""物理攻击"": ""1066"", ""法术攻击"": ""0"", ""物理防御"": ""95"", ""物理减伤率"": ""13.6%%"", ""法术防御"": "" 50"", ""法术减伤率"": "" 7.6%%"", ""移速"": "" 380"", ""物理护甲穿透"": ""0/0%"", ""法术护甲穿透"": ""0/0%"", ""攻速加成"": ""0%"", ""暴击几率"": ""0%"", ""暴击效果"": ""200%%"", ""物理吸血"": ""0%"", ""法术吸血"": ""0%"", ""冷却缩减"": ""0%%"", ""攻击范围"": ""近程"", ""韧性"": ""0%"", ""生命回复"": ""50"", ""法力回复"": ""0""}",http://img.18183.com/uploads/allimg/180502/194-1P502134Z1.jpg,,狂铁,战士,"{""生存能力："": 6, ""攻击伤害："": 6, ""技能效果："": 6, ""上手难度："": 5}",{}
http://db.18183.com/wzry/hero/15796.html,"{""最大生命"": ""3483"", ""最大法力"": ""450"", ""物理攻击"": ""159"", ""法术攻击"": ""0"", ""物理防御"": ""99"", ""物理减伤率"": ""14.1%"", ""法术防御"": "" 50"", ""法术减伤率"": "" 7.6%"", ""移速"": "" 380"", ""物理护甲穿透"": ""0"", ""法术护甲穿透"": ""0"", ""攻速加成"": ""0%"", ""暴击几率"": ""0%"", ""暴击效果"": ""200%"", ""物理吸血"": ""0%"", ""法术吸血"": ""0%"", ""冷却缩减"": ""0%"", ""攻击范围"": ""近程"", ""韧性"": ""0%"", ""生命回复"": ""53"", ""法力回复"": ""16""}",//img.18183.com/uploads/allimg/180224/194-1P224134R7.jpg,,裴擒虎,刺客,"{""生存能力："": 5, ""攻击伤害："": 8, ""技能效果："": 6, ""上手难度："": 9}",{}
http://db.18183.com/wzry/hero/15783.html,"{""最大生命"": ""3238"", ""最大法力"": ""470"", ""物理攻击"": ""159"", ""法术攻击"": ""0"", ""物理防御"": ""96"", ""物理减伤率"": ""13.7%"", ""法术防御"": "" 50"", ""法术减伤率"": "" 7.6%"", ""移速"": "" 360"", ""物理护甲穿透"": ""0"", ""法术护甲穿透"": ""0"", ""攻速加成"": ""0"", ""暴击几率"": ""0"", ""暴击效果"": ""0%"", ""物理吸血"": ""0"", ""法术吸血"": ""0"", ""冷却缩减"": ""0%"", ""攻击范围"": ""远程"", ""韧性"": ""0"", ""生命回复"": ""38"", ""法力回复"": ""17""}",//img.18183.com/uploads/allimg/180224/194-1P2241U407.jpg,,杨玉环,辅助,"{""生存能力："": 7, ""攻击伤害："": 5, ""技能效果："": 8, ""上手难度："": 5}",{}
http://db.18183.com/wzry/hero/15772.html,"{""最大生命"": ""3041"", ""最大法力"": ""200"", ""物理攻击"": ""175"", ""法术攻击"": ""0"", ""物理防御"": ""91"", ""物理减伤率"": ""13.1 %"", ""法术防御"": "" 50"", ""法术减伤率"": "" 7.6 %"", ""移速"": "" 350"", ""物理护甲穿透"": """", ""法术护甲穿透"": """", ""攻速加成"": """", ""暴击几率"": """", ""暴击效果"": ""200%"", ""物理吸血"": """", ""法术吸血"": """", ""冷却缩减"": ""%"", ""攻击范围"": ""远程"", ""韧性"": """", ""生命回复"": ""46"", ""法力回复"": ""50""}",http://img.18183.com/uploads/allimg/180117/194-1P11G34244.jpg,,公孙离,射手,"{""生存能力："": 3, ""攻击伤害："": 5, ""技能效果："": 8, ""上手难度："": 8}",{}
http://db.18183.com/wzry/hero/15750.html,"{""最大生命"": ""2958"", ""最大法力"": ""470"", ""物理攻击"": ""159"", ""法术攻击"": ""159"", ""物理防御"": ""93"", ""物理减伤率"": ""13.4%"", ""法术防御"": "" 50"", ""法术减伤率"": "" 7.6%"", ""移速"": "" 360"", ""物理护甲穿透"": """", ""法术护甲穿透"": """", ""攻速加成"": """", ""暴击几率"": """", ""暴击效果"": ""200%"", ""物理吸血"": """", ""法术吸血"": """", ""冷却缩减"": ""%"", ""攻击范围"": ""远程"", ""韧性"": """", ""生命回复"": ""42"", ""法力回复"": ""17""}",https://img.18183.com/uploads/allimg/180515/194-1P5151J258.jpg,,弈星,法师,"{""生存能力："": 3, ""攻击伤害："": 5, ""技能效果："": 8, ""上手难度："": 7}",{}
http://db.18183.com/wzry/hero/15737.html,"{""最大生命"": ""3182"", ""最大法力"": ""420"", ""物理攻击"": ""161"", ""法术攻击"": ""0"", ""物理防御"": ""86"", ""物理减伤率"": ""17.2%"", ""法术防御"": "" 50"", ""法术减伤率"": "" 7.6%"", ""移速"": "" 340"", ""物理护甲穿透"": ""0"", ""法术护甲穿透"": ""0"", ""攻速加成"": ""0"", ""暴击几率"": ""0"", ""暴击效果"": ""200%"", ""物理吸血"": ""0"", ""法术吸血"": ""0"", ""冷却缩减"": ""0%"", ""攻击范围"": ""近程"", ""韧性"": ""0"", ""生命回复"": ""41"", ""法力回复"": ""16""}",http://img.18183.com/uploads/allimg/171117/36-1G11G50U9.jpg,,明世隐,辅助,"{""生存能力："": 3, ""攻击伤害："": 4, ""技能效果："": 8, ""上手难度："": 5}",{}
http://db.18183.com/wzry/hero/15595.html,"{""最大生命"": ""3041"", ""最大法力"": ""125"", ""物理攻击"": ""171"", ""法术攻击"": ""0"", ""物理防御"": ""79"", ""物理减伤率"": ""11.6%"", ""法术防御"": "" 50"", ""法术减伤率"": "" 7.6%"", ""移速"": "" 530"", ""物理护甲穿透"": ""0"", ""法术护甲穿透"": ""0"", ""攻速加成"": ""0"", ""暴击几率"": ""0"", ""暴击效果"": ""200%"", ""物理吸血"": ""0"", ""法术吸血"": ""0"", ""冷却缩减"": ""0%"", ""攻击范围"": ""近程"", ""韧性"": ""0"", ""生命回复"": ""50"", ""法力回复"": ""25""}",http://img.18183.com/uploads/allimg/170928/36-1F92Q10315.jpg,,梦奇,"坦克,法师","{""生存能力："": 9, ""攻击伤害："": 5, ""技能效果："": 6, ""上手难度："": 6}",{}
http://db.18183.com/wzry/hero/15567.html,"{""最大生命"": ""3359"", ""最大法力"": ""450"", ""物理攻击"": ""178"", ""法术攻击"": ""0"", ""物理防御"": ""88"", ""物理减伤率"": ""12.7%"", ""法术防御"": "" 50"", ""法术减伤率"": "" 7.6%"", ""移速"": "" 380"", ""物理护甲穿透"": ""0"", ""法术护甲穿透"": ""0"", ""攻速加成"": ""0"", ""暴击几率"": ""0"", ""暴击效果"": ""200%"", ""物理吸血"": ""0"", ""法术吸血"": ""0"", ""冷却缩减"": ""0%"", ""攻击范围"": ""近程"", ""韧性"": ""0"", ""生命回复"": ""51"", ""法力回复"": ""16""}",//img.18183.com/uploads/allimg/170803/70-1FP3112601.jpg,,百里玄策,刺客,"{""生存能力："": 5, ""攻击伤害："": 8, ""技能效果："": 8, ""上手难度："": 10}",{}
http://db.18183.com/wzry/hero/15549.html,"{""最大生命"": ""3369"", ""最大法力"": ""0"", ""物理攻击"": ""171"", ""法术攻击"": ""0"", ""物理防御"": ""93"", ""物理减伤率"": ""13.4%"", ""法术防御"": "" 50"", ""法术减伤率"": "" 7.6%"", ""移速"": "" 380"", ""物理护甲穿透"": ""0"", ""法术护甲穿透"": ""0"", ""攻速加成"": ""0"", ""暴击几率"": ""0"", ""暴击效果"": ""200%"", ""物理吸血"": ""0"", ""法术吸血"": ""0"", ""冷却缩减"": ""0%"", ""攻击范围"": ""近程"", ""韧性"": ""0"", ""生命回复"": ""56"", ""法力回复"": ""0""}",//img.18183.com/uploads/allimg/170720/70-1FH0163S9.jpg,,苏烈,坦克,"{""生存能力："": 9, ""攻击伤害："": 5, ""技能效果："": 5, ""上手难度："": 5}",{}
http://db.18183.com/wzry/hero/15476.html,"{""最大生命"": ""3182"", ""最大法力"": ""440"", ""物理攻击"": ""161"", ""法术攻击"": ""0"", ""物理防御"": ""86"", ""物理减伤率"": ""12.5%"", ""法术防御"": "" 50"", ""法术减伤率"": "" 7.6%"", ""移速"": "" 350"", ""物理护甲穿透"": """", ""法术护甲穿透"": """", ""攻速加成"": """", ""暴击几率"": ""200"", ""暴击效果"": ""%"", ""物理吸血"": """", ""法术吸血"": """", ""冷却缩减"": ""%"", ""攻击范围"": ""远程"", ""韧性"": """", ""生命回复"": ""41"", ""法力回复"": ""16""}",http://img.18183.com/uploads/allimg/170808/36-1FPQ64056.jpg,,百里守约,射手,"{""生存能力："": 3, ""攻击伤害："": 6, ""技能效果："": 8, ""上手难度："": 6}",{}
http://db.18183.com/wzry/hero/15462.html,"{""最大生命"": ""3269"", ""最大法力"": ""0"", ""物理攻击"": ""177"", ""法术攻击"": ""0"", ""物理防御"": ""89"", ""物理减伤率"": ""12.9%"", ""法术防御"": "" 50"", ""法术减伤率"": "" 7.6%"", ""移速"": "" 380"", ""物理护甲穿透"": ""0"", ""法术护甲穿透"": ""0"", ""攻速加成"": ""0"", ""暴击几率"": ""0"", ""暴击效果"": ""200%"", ""物理吸血"": ""0"", ""法术吸血"": ""0"", ""冷却缩减"": ""0%"", ""攻击范围"": ""近程"", ""韧性"": ""0"", ""生命回复"": ""50"", ""法力回复"": ""0""}",http://img.18183.com/uploads/allimg/180523/194-1P523145Z6.jpg,,元歌,刺客,"{""生存能力："": 4, ""攻击伤害："": 6, ""技能效果："": 4, ""上手难度："": 4}",{}
http://db.18183.com/wzry/hero/15450.html,"{""最大生命"": ""2958"", ""最大法力"": ""470"", ""物理攻击"": ""159"", ""法术攻击"": ""0"", ""物理防御"": ""93"", ""物理减伤率"": ""13.4%"", ""法术防御"": "" 50"", ""法术减伤率"": "" 7.6%"", ""移速"": "" 360"", ""物理护甲穿透"": ""0"", ""法术护甲穿透"": ""0"", ""攻速加成"": ""0"", ""暴击几率"": ""0"", ""暴击效果"": ""200%"", ""物理吸血"": ""0"", ""法术吸血"": ""0"", ""冷却缩减"": ""0%"", ""攻击范围"": ""远程"", ""韧性"": ""0"", ""生命回复"": ""42"", ""法力回复"": ""17""}",http://img.18183.com/uploads/allimg/171114/36-1G114151F1.jpg,,女娲,法师,"{""生存能力："": 3, ""攻击伤害："": 7, ""技能效果："": 3, ""上手难度："": 6}",{}
http://db.18183.com/wzry/hero/15436.html,"{""最大生命"": ""3200"", ""最大法力"": ""490"", ""物理攻击"": ""168"", ""法术攻击"": ""0"", ""物理防御"": ""87"", ""物理减伤率"": ""12.6%"", ""法术防御"": "" 50"", ""法术减伤率"": "" 7.6%"", ""移速"": "" 350"", ""物理护甲穿透"": ""0"", ""法术护甲穿透"": ""0"", ""攻速加成"": ""0"", ""暴击几率"": ""0"", ""暴击效果"": ""200%"", ""物理吸血"": ""0"", ""法术吸血"": ""0"", ""冷却缩减"": ""0%"", ""攻击范围"": ""远程"", ""韧性"": ""0"", ""生命回复"": ""45"", ""法力回复"": ""18""}",//img.18183.com/uploads/allimg/170607/70-1F60G42241.jpg,,鬼谷子,辅助,"{""生存能力："": 4, ""攻击伤害："": 7, ""技能效果："": 3, ""上手难度："": 4}",{}
http://db.18183.com/wzry/hero/13255.html,"{""最大生命"": ""3201"", ""最大法力"": ""470"", ""物理攻击"": ""163"", ""法术攻击"": ""0"", ""物理防御"": ""90"", ""物理减伤率"": ""14.1%"", ""法术防御"": "" 50"", ""法术减伤率"": "" 7.6%"", ""移速"": "" 350"", ""物理护甲穿透"": ""0"", ""法术护甲穿透"": ""0"", ""攻速加成"": ""0"", ""暴击几率"": ""0"", ""暴击效果"": ""200%"", ""物理吸血"": ""0"", ""法术吸血"": ""0"", ""冷却缩减"": ""0%"", ""攻击范围"": ""远程"", ""韧性"": ""0"", ""生命回复"": ""53"", ""法力回复"": ""17""}",http://img.18183.com/uploads/allimg/170323/36-1F323141Q8.jpg,,东皇太一,坦克,"{""生存能力："": 9, ""攻击伤害："": 5, ""技能效果："": 6, ""上手难度："": 6}",{}
http://db.18183.com/wzry/hero/15421.html,"{""最大生命"": ""3267"", ""最大法力"": ""430"", ""物理攻击"": ""173"", ""法术攻击"": ""0"", ""物理防御"": ""84"", ""物理减伤率"": ""12.2%"", ""法术防御"": "" 50"", ""法术减伤率"": "" 7.6%"", ""移速"": "" 380"", ""物理护甲穿透"": ""0"", ""法术护甲穿透"": ""0"", ""攻速加成"": ""0"", ""暴击几率"": ""0"", ""暴击效果"": ""200%"", ""物理吸血"": ""0"", ""法术吸血"": ""0"", ""冷却缩减"": ""0%"", ""攻击范围"": ""近程"", ""韧性"": ""0"", ""生命回复"": ""50"", ""法力回复"": ""15""}",//img.18183.com/uploads/allimg/170717/70-1FGGA951.jpg,,铠,"坦克,战士","{""生存能力："": 6, ""攻击伤害："": 4, ""技能效果："": 5, ""上手难度："": 6}",{}
http://db.18183.com/wzry/hero/13141.html,"{""最大生命"": ""3182"", ""最大法力"": ""440"", ""物理攻击"": ""161"", ""法术攻击"": ""0"", ""物理防御"": ""86"", ""物理减伤率"": ""12.5%"", ""法术防御"": "" 50"", ""法术减伤率"": "" 7.6%"", ""移速"": "" 350"", ""物理护甲穿透"": ""0"", ""法术护甲穿透"": ""0"", ""攻速加成"": ""0"", ""暴击几率"": ""0"", ""暴击效果"": ""200%"", ""物理吸血"": ""0"", ""法术吸血"": ""0"", ""冷却缩减"": ""0%"", ""攻击范围"": ""远程"", ""韧性"": ""0"", ""生命回复"": ""41"", ""法力回复"": ""16""}",http://img.18183.com/uploads/allimg/170307/36-1F30GT521.jpg,,艾琳,射手,"{""生存能力："": 3, ""攻击伤害："": 6, ""技能效果："": 8, ""上手难度："": 6}",{}
http://db.18183.com/wzry/hero/13091.html,"{""最大生命"": ""2958"", ""最大法力"": ""470"", ""物理攻击"": ""159"", ""法术攻击"": ""0"", ""物理防御"": ""93"", ""物理减伤率"": ""13.4%"", ""法术防御"": "" 50"", ""法术减伤率"": "" 7.6%"", ""移速"": "" 360"", ""物理护甲穿透"": ""0"", ""法术护甲穿透"": ""0"", ""攻速加成"": ""0"", ""暴击几率"": ""0"", ""暴击效果"": ""200%"", ""物理吸血"": ""0"", ""法术吸血"": ""0"", ""冷却缩减"": ""0%"", ""攻击范围"": ""远程"", ""韧性"": ""0"", ""生命回复"": ""42"", ""法力回复"": ""17""}",http://img.18183.com/uploads/allimg/170228/36-1F22QP045.jpg,,大乔,辅助,"{""生存能力："": 3, ""攻击伤害："": 3, ""技能效果："": 6, ""上手难度："": 8}",{}
http://db.18183.com/wzry/hero/13073.html,"{""最大生命"": ""3173"", ""最大法力"": ""440"", ""物理攻击"": ""172"", ""法术攻击"": ""0"", ""物理防御"": ""91"", ""物理减伤率"": ""13.1%"", ""法术防御"": "" 50"", ""法术减伤率"": "" 7.6%"", ""移速"": "" 350"", ""物理护甲穿透"": ""0"", ""法术护甲穿透"": ""0"", ""攻速加成"": ""0"", ""暴击几率"": ""0"", ""暴击效果"": ""200%"", ""物理吸血"": ""0"", ""法术吸血"": ""0"", ""冷却缩减"": ""0%"", ""攻击范围"": ""远程"", ""韧性"": ""0"", ""生命回复"": ""39"", ""法力回复"": ""16""}",http://img.18183.com/uploads/allimg/170228/36-1F22QP115.jpg,,黄忠,射手,"{""生存能力："": 2, ""攻击伤害："": 8, ""技能效果："": 4, ""上手难度："": 3}",{}
http://db.18183.com/wzry/hero/13049.html,"{""最大生命"": ""3135"", ""最大法力"": ""490"", ""物理攻击"": ""156"", ""法术攻击"": ""0"", ""物理防御"": ""87"", ""物理减伤率"": ""12.6%"", ""法术防御"": "" 50"", ""法术减伤率"": "" 7.6%"", ""移速"": "" 350"", ""物理护甲穿透"": ""0"", ""法术护甲穿透"": ""0"", ""攻速加成"": ""0"", ""暴击几率"": ""0"", ""暴击效果"": ""0%"", ""物理吸血"": ""0"", ""法术吸血"": ""0"", ""冷却缩减"": ""0%"", ""攻击范围"": ""远程"", ""韧性"": ""0"", ""生命回复"": ""44"", ""法力回复"": ""18""}",http://img.18183.com/uploads/allimg/170401/36-1F401164257.jpg,,诸葛亮,法师,"{""生存能力："": 3, ""攻击伤害："": 6, ""技能效果："": 8, ""上手难度："": 8}",{}
http://db.18183.com/wzry/hero/13004.html,"{""最大生命"": ""3483"", ""最大法力"": ""450"", ""物理攻击"": ""159"", ""法术攻击"": ""0"", ""物理防御"": ""99"", ""物理减伤率"": ""14.1%"", ""法术防御"": "" 50"", ""法术减伤率"": "" 7.6%"", ""移速"": "" 380"", ""物理护甲穿透"": ""0"", ""法术护甲穿透"": ""0"", ""攻速加成"": ""0%"", ""暴击几率"": ""0%"", ""暴击效果"": ""200%"", ""物理吸血"": ""0%"", ""法术吸血"": ""0%"", ""冷却缩减"": ""0%"", ""攻击范围"": ""近程"", ""韧性"": ""0%"", ""生命回复"": ""53"", ""法力回复"": ""16""}",http://img.18183.com/uploads/allimg/170112/70-1F112154602.jpg,,哪吒,战士,"{""生存能力："": 9, ""攻击伤害："": 7, ""技能效果："": 7, ""上手难度："": 9}",{}
http://db.18183.com/wzry/hero/12551.html,"{""最大生命"": ""3443"", ""最大法力"": ""420"", ""物理攻击"": ""154"", ""法术攻击"": ""0"", ""物理防御"": ""94"", ""物理减伤率"": ""13.5%"", ""法术防御"": "" 50"", ""法术减伤率"": "" 0%"", ""移速"": "" 360"", ""物理护甲穿透"": ""0"", ""法术护甲穿透"": ""0"", ""攻速加成"": ""0"", ""暴击几率"": ""0"", ""暴击效果"": ""0%"", ""物理吸血"": ""0"", ""法术吸血"": ""0"", ""冷却缩减"": ""0%"", ""攻击范围"": ""近程"", ""韧性"": ""0"", ""生命回复"": ""49"", ""法力回复"": ""15""}",http://img.18183.duoku.com/uploads/allimg/161124/36-161124154638.jpg,,太乙真人,"坦克,辅助","{""生存能力："": 8, ""攻击伤害："": 4, ""技能效果："": 5, ""上手难度："": 5}",{}
http://db.18183.com/wzry/hero/11825.html,"{""最大生命"": ""3339"", ""最大法力"": ""420"", ""物理攻击"": ""166"", ""法术攻击"": ""0"", ""物理防御"": ""98"", ""物理减伤率"": ""14%"", ""法术防御"": "" 50"", ""法术减伤率"": "" 7.6%"", ""移速"": "" 380"", ""物理护甲穿透"": ""0"", ""法术护甲穿透"": ""0"", ""攻速加成"": ""0"", ""暴击几率"": ""0"", ""暴击效果"": ""200%"", ""物理吸血"": ""0"", ""法术吸血"": ""0"", ""冷却缩减"": ""0%"", ""攻击范围"": ""近程"", ""韧性"": ""0"", ""生命回复"": ""51"", ""法力回复"": ""15""}",http://img.18183.duoku.com/uploads/allimg/160905/36-160Z51132330-L.jpg,,杨戬,战士,"{""生存能力："": 8, ""攻击伤害："": 7, ""技能效果："": 6, ""上手难度："": 6}",{}
http://db.18183.com/wzry/hero/11824.html,"{""最大生命"": ""3027"", ""最大法力"": ""440"", ""物理攻击"": ""184"", ""法术攻击"": ""0"", ""物理防御"": ""94"", ""物理减伤率"": ""13.5%"", ""法术防御"": "" 50"", ""法术减伤率"": "" 7.6%"", ""移速"": "" 370"", ""物理护甲穿透"": ""0"", ""法术护甲穿透"": ""0"", ""攻速加成"": ""0"", ""暴击几率"": ""0"", ""暴击效果"": ""200%"", ""物理吸血"": ""0"", ""法术吸血"": ""0"", ""冷却缩减"": ""0%"", ""攻击范围"": ""远程"", ""韧性"": ""0"", ""生命回复"": ""37"", ""法力回复"": ""15""}",http://img.18183.duoku.com/uploads/160602/36-1606021K55X42.jpg,,成吉思汗,射手,"{""生存能力："": 4, ""攻击伤害："": 8, ""技能效果："": 4, ""上手难度："": 7}",{}
http://db.18183.com/wzry/hero/9557.html,"{""最大生命"": ""3150"", ""最大法力"": ""0"", ""物理攻击"": ""165"", ""法术攻击"": ""0"", ""物理防御"": ""96"", ""物理减伤率"": ""13.7%"", ""法术防御"": "" 50"", ""法术减伤率"": "" 7.6%"", ""移速"": "" 390"", ""物理护甲穿透"": ""0"", ""法术护甲穿透"": ""0"", ""攻速加成"": ""0"", ""暴击几率"": ""0"", ""暴击效果"": ""200%"", ""物理吸血"": ""0"", ""法术吸血"": ""0"", ""冷却缩减"": ""0%"", ""攻击范围"": ""近程"", ""韧性"": ""0"", ""生命回复"": ""48"", ""法力回复"": ""0""}",http://img.bugu.18183.com/db_18183/static/wzry/static/images/heros/icon/57.png,,橘右京,战士,"{""生存能力："": 6, ""攻击伤害："": 6, ""技能效果："": 5, ""上手难度："": 2}",{}
http://db.18183.com/wzry/hero/9556.html,"{""最大生命"": ""3041"", ""最大法力"": ""200"", ""物理攻击"": ""175"", ""法术攻击"": ""0"", ""物理防御"": ""91"", ""物理减伤率"": ""13.1%"", ""法术防御"": "" 50"", ""法术减伤率"": "" 7.6%"", ""移速"": "" 350"", ""物理护甲穿透"": ""0"", ""法术护甲穿透"": ""0"", ""攻速加成"": ""0"", ""暴击几率"": ""0"", ""暴击效果"": ""200%"", ""物理吸血"": ""0"", ""法术吸血"": ""0"", ""冷却缩减"": ""0%"", ""攻击范围"": ""远程"", ""韧性"": ""0"", ""生命回复"": ""46"", ""法力回复"": ""50""}",http://img.bugu.18183.com/db_18183/static/wzry/static/images/heros/icon/56.png,,马可波罗,射手,"{""生存能力："": 7, ""攻击伤害："": 5, ""技能效果："": 6, ""上手难度："": 6}",{}
http://db.18183.com/wzry/hero/9555.html,"{""最大生命"": ""2862"", ""最大法力"": ""430"", ""物理攻击"": ""162"", ""法术攻击"": ""0"", ""物理防御"": ""106"", ""物理减伤率"": ""15%"", ""法术防御"": "" 50"", ""法术减伤率"": "" 7.6%"", ""移速"": "" 410"", ""物理护甲穿透"": ""0"", ""法术护甲穿透"": ""0"", ""攻速加成"": ""0"", ""暴击几率"": ""0"", ""暴击效果"": ""200%"", ""物理吸血"": ""0"", ""法术吸血"": ""0"", ""冷却缩减"": ""0%"", ""攻击范围"": ""近程"", ""韧性"": ""0"", ""生命回复"": ""44"", ""法力回复"": ""15""}",http://img.18183.duoku.com/uploads/allimg/161124/36-161124154431.jpg,,雅典娜,"坦克,战士","{""生存能力："": 3, ""攻击伤害："": 6, ""技能效果："": 8, ""上手难度："": 6}",{}
http://db.18183.com/wzry/hero/9554.html,"{""最大生命"": ""3307"", ""最大法力"": ""430"", ""物理攻击"": ""159"", ""法术攻击"": ""0"", ""物理防御"": ""101"", ""物理减伤率"": ""14.4%"", ""法术防御"": "" 50"", ""法术减伤率"": "" 7.6%"", ""移速"": "" 380"", ""物理护甲穿透"": ""0"", ""法术护甲穿透"": ""0"", ""攻速加成"": ""0"", ""暴击几率"": ""0"", ""暴击效果"": ""200%"", ""物理吸血"": ""0"", ""法术吸血"": ""0"", ""冷却缩减"": ""0%"", ""攻击范围"": ""近程"", ""韧性"": ""0"", ""生命回复"": ""51"", ""法力回复"": ""15""}",http://img.bugu.18183.com/db_18183/static/wzry/static/images/heros/icon/54.png,,夏侯惇,"坦克,战士","{""生存能力："": 4, ""攻击伤害："": 6, ""技能效果："": 5, ""上手难度："": 4}",{}
http://db.18183.com/wzry/hero/9553.html,"{""最大生命"": ""3238"", ""最大法力"": ""470"", ""物理攻击"": ""159"", ""法术攻击"": ""0"", ""物理防御"": ""96"", ""物理减伤率"": ""13.7%"", ""法术防御"": "" 50"", ""法术减伤率"": "" 7.6%"", ""移速"": "" 360"", ""物理护甲穿透"": ""0"", ""法术护甲穿透"": ""0"", ""攻速加成"": ""0"", ""暴击几率"": ""0"", ""暴击效果"": ""200%"", ""物理吸血"": ""0"", ""法术吸血"": ""0"", ""冷却缩减"": ""0%"", ""攻击范围"": ""远程"", ""韧性"": ""0"", ""生命回复"": ""38"", ""法力回复"": ""17""}",http://img.bugu.18183.com/db_18183/static/wzry/static/images/heros/icon/53.png,,蔡文姬,辅助,"{""生存能力："": 6, ""攻击伤害："": 3, ""技能效果："": 5, ""上手难度："": 8}",{}
http://db.18183.com/wzry/hero/9552.html,"{""最大生命"": ""3322"", ""最大法力"": ""10"", ""物理攻击"": ""170"", ""法术攻击"": ""0"", ""物理防御"": ""101"", ""物理减伤率"": ""14.4%"", ""法术防御"": "" 50"", ""法术减伤率"": "" 7.6%"", ""移速"": "" 380"", ""物理护甲穿透"": ""0"", ""法术护甲穿透"": ""0"", ""攻速加成"": ""0"", ""暴击几率"": ""0"", ""暴击效果"": ""200%"", ""物理吸血"": ""0"", ""法术吸血"": ""0"", ""冷却缩减"": ""0%"", ""攻击范围"": ""近程"", ""韧性"": ""0"", ""生命回复"": ""51"", ""法力回复"": ""0""}",http://img.bugu.18183.com/db_18183/static/wzry/static/images/heros/icon/52.png,,关羽,"坦克,战士","{""生存能力："": 9, ""攻击伤害："": 5, ""技能效果："": 6, ""上手难度："": 7}",{}
http://db.18183.com/wzry/hero/9551.html,"{""最大生命"": ""2977"", ""最大法力"": ""440"", ""物理攻击"": ""165"", ""法术攻击"": ""0"", ""物理防御"": ""84"", ""物理减伤率"": ""12.2%"", ""法术防御"": "" 50"", ""法术减伤率"": "" 7.6%"", ""移速"": "" 350"", ""物理护甲穿透"": ""0"", ""法术护甲穿透"": ""0"", ""攻速加成"": ""0"", ""暴击几率"": ""0"", ""暴击效果"": ""200%"", ""物理吸血"": ""0"", ""法术吸血"": ""0"", ""冷却缩减"": ""0%"", ""攻击范围"": ""远程"", ""韧性"": ""0"", ""生命回复"": ""36"", ""法力回复"": ""16""}",http://img.bugu.18183.com/db_18183/static/wzry/static/images/heros/icon/51.png,,虞姬,射手,"{""生存能力："": 3, ""攻击伤害："": 8, ""技能效果："": 5, ""上手难度："": 7}",{}
http://db.18183.com/wzry/hero/9550.html,"{""最大生命"": ""3235"", ""最大法力"": ""200"", ""物理攻击"": ""170"", ""法术攻击"": ""0"", ""物理防御"": ""89"", ""物理减伤率"": ""12.9%"", ""法术防御"": "" 50"", ""法术减伤率"": "" 7.6%"", ""移速"": "" 390"", ""物理护甲穿透"": ""0"", ""法术护甲穿透"": ""0"", ""攻速加成"": ""0"", ""暴击几率"": ""0"", ""暴击效果"": ""200%"", ""物理吸血"": ""0"", ""法术吸血"": ""0"", ""冷却缩减"": ""0%"", ""攻击范围"": ""近程"", ""韧性"": ""0"", ""生命回复"": ""46"", ""法力回复"": ""50""}",http://img.bugu.18183.com/db_18183/static/wzry/static/images/heros/icon/50.png,,不知火舞,"刺客,法师","{""生存能力："": 3, ""攻击伤害："": 5, ""技能效果："": 9, ""上手难度："": 9}",{}
http://db.18183.com/wzry/hero/9549.html,"{""最大生命"": ""3369"", ""最大法力"": ""470"", ""物理攻击"": ""158"", ""法术攻击"": ""0"", ""物理防御"": ""125"", ""物理减伤率"": ""17.2%"", ""法术防御"": "" 50"", ""法术减伤率"": "" 7.6%"", ""移速"": "" 380"", ""物理护甲穿透"": ""0"", ""法术护甲穿透"": ""0"", ""攻速加成"": ""0"", ""暴击几率"": ""0"", ""暴击效果"": ""200%"", ""物理吸血"": ""0"", ""法术吸血"": ""0"", ""冷却缩减"": ""0%"", ""攻击范围"": ""近程"", ""韧性"": ""0"", ""生命回复"": ""58"", ""法力回复"": ""17""}",http://img.bugu.18183.com/db_18183/static/wzry/static/images/heros/icon/49.png,,刘邦,"坦克,辅助","{""生存能力："": 8, ""攻击伤害："": 4, ""技能效果："": 7, ""上手难度："": 5}",{}
http://db.18183.com/wzry/hero/9548.html,"{""最大生命"": ""3007"", ""最大法力"": ""440"", ""物理攻击"": ""161"", ""法术攻击"": ""0"", ""物理防御"": ""87"", ""物理减伤率"": ""12.6%"", ""法术防御"": "" 50"", ""法术减伤率"": "" 7.6%"", ""移速"": "" 350"", ""物理护甲穿透"": ""0"", ""法术护甲穿透"": ""0"", ""攻速加成"": ""0"", ""暴击几率"": ""0"", ""暴击效果"": ""200%"", ""物理吸血"": ""0"", ""法术吸血"": ""0"", ""冷却缩减"": ""0%"", ""攻击范围"": ""远程"", ""韧性"": ""0"", ""生命回复"": ""37"", ""法力回复"": ""15""}",http://img.bugu.18183.com/db_18183/static/wzry/static/images/heros/icon/48.png,,李元芳,射手,"{""生存能力："": 4, ""攻击伤害："": 8, ""技能效果："": 4, ""上手难度："": 5}",{}
http://db.18183.com/wzry/hero/9547.html,"{""最大生命"": ""3450"", ""最大法力"": ""100"", ""物理攻击"": ""153"", ""法术攻击"": ""0"", ""物理防御"": ""125"", ""物理减伤率"": ""17.2%"", ""法术防御"": "" 50"", ""法术减伤率"": "" 7.6%"", ""移速"": "" 380"", ""物理护甲穿透"": ""0"", ""法术护甲穿透"": ""0"", ""攻速加成"": ""0"", ""暴击几率"": ""0"", ""暴击效果"": ""200%"", ""物理吸血"": ""0"", ""法术吸血"": ""0"", ""冷却缩减"": ""0%"", ""攻击范围"": ""近程"", ""韧性"": ""0"", ""生命回复"": ""57"", ""法力回复"": ""5""}",http://img.bugu.18183.com/db_18183/static/wzry/static/images/heros/icon/47.png,,张飞,"坦克,辅助","{""生存能力："": 9, ""攻击伤害："": 2, ""技能效果："": 5, ""上手难度："": 7}",{}
http://db.18183.com/wzry/hero/9546.html,"{""最大生命"": ""3420"", ""最大法力"": ""490"", ""物理攻击"": ""162"", ""法术攻击"": ""0"", ""物理防御"": ""99"", ""物理减伤率"": ""14.1%"", ""法术防御"": "" 50"", ""法术减伤率"": "" 7.6%"", ""移速"": "" 360"", ""物理护甲穿透"": ""0"", ""法术护甲穿透"": ""0"", ""攻速加成"": ""0"", ""暴击几率"": ""0"", ""暴击效果"": ""200%"", ""物理吸血"": ""0"", ""法术吸血"": ""0"", ""冷却缩减"": ""0%"", ""攻击范围"": ""近程"", ""韧性"": ""0"", ""生命回复"": ""57"", ""法力回复"": ""17""}",http://img.bugu.18183.com/db_18183/static/wzry/static/images/heros/icon/46.png,,钟馗,"坦克,战士","{""生存能力："": 9, ""攻击伤害："": 3, ""技能效果："": 7, ""上手难度："": 8}",{}
http://db.18183.com/wzry/hero/9545.html,"{""最大生命"": ""3182"", ""最大法力"": ""440"", ""物理攻击"": ""161"", ""法术攻击"": ""0"", ""物理防御"": ""86"", ""物理减伤率"": ""12.5%"", ""法术防御"": "" 50"", ""法术减伤率"": "" 7.6%"", ""移速"": "" 360"", ""物理护甲穿透"": ""0"", ""法术护甲穿透"": ""0"", ""攻速加成"": ""0"", ""暴击几率"": ""0"", ""暴击效果"": ""200%"", ""物理吸血"": ""0"", ""法术吸血"": ""0"", ""冷却缩减"": ""0%"", ""攻击范围"": ""远程"", ""韧性"": ""0"", ""生命回复"": ""41"", ""法力回复"": ""16""}",http://img.bugu.18183.com/db_18183/static/wzry/static/images/heros/icon/45.png,,后羿,射手,"{""生存能力："": 3, ""攻击伤害："": 6, ""技能效果："": 8, ""上手难度："": 6}",{}
http://db.18183.com/wzry/hero/9544.html,"{""最大生命"": ""3081"", ""最大法力"": ""440"", ""物理攻击"": ""169"", ""法术攻击"": ""0"", ""物理防御"": ""88"", ""物理减伤率"": ""12.7%"", ""法术防御"": "" 50"", ""法术减伤率"": "" 7.6%"", ""移速"": "" 350"", ""物理护甲穿透"": ""0"", ""法术护甲穿透"": ""0"", ""攻速加成"": ""0"", ""暴击几率"": ""0"", ""暴击效果"": ""200%"", ""物理吸血"": ""0"", ""法术吸血"": ""0"", ""冷却缩减"": ""0%"", ""攻击范围"": ""远程"", ""韧性"": ""0"", ""生命回复"": ""38"", ""法力回复"": ""15""}",http://img.bugu.18183.com/db_18183/static/wzry/static/images/heros/icon/44.png,,刘备,战士,"{""生存能力："": 3, ""攻击伤害："": 9, ""技能效果："": 3, ""上手难度："": 7}",{}
http://db.18183.com/wzry/hero/9543.html,"{""最大生命"": ""3021"", ""最大法力"": ""450"", ""物理攻击"": ""163"", ""法术攻击"": ""0"", ""物理防御"": ""102"", ""物理减伤率"": ""14.5%"", ""法术防御"": "" 50"", ""法术减伤率"": "" 7.6%"", ""移速"": "" 380"", ""物理护甲穿透"": ""0"", ""法术护甲穿透"": ""0"", ""攻速加成"": ""0"", ""暴击几率"": ""0"", ""暴击效果"": ""200%"", ""物理吸血"": ""0"", ""法术吸血"": ""0"", ""冷却缩减"": ""0%"", ""攻击范围"": ""近程"", ""韧性"": ""0"", ""生命回复"": ""52"", ""法力回复"": ""16""}",http://img.bugu.18183.com/db_18183/static/wzry/static/images/heros/icon/43.png,,露娜,"战士,法师","{""生存能力："": 1, ""攻击伤害："": 4, ""技能效果："": 10, ""上手难度："": 8}",{}
http://db.18183.com/wzry/hero/9542.html,"{""最大生命"": ""2902"", ""最大法力"": ""0"", ""物理攻击"": ""157"", ""法术攻击"": ""0"", ""物理防御"": ""106"", ""物理减伤率"": ""15%"", ""法术防御"": "" 50"", ""法术减伤率"": "" 7.6%"", ""移速"": "" 400"", ""物理护甲穿透"": ""0"", ""法术护甲穿透"": ""0"", ""攻速加成"": ""0"", ""暴击几率"": ""0"", ""暴击效果"": ""200%"", ""物理吸血"": ""0"", ""法术吸血"": ""0"", ""冷却缩减"": ""0%"", ""攻击范围"": ""近程"", ""韧性"": ""0"", ""生命回复"": ""47"", ""法力回复"": ""0""}",http://img.bugu.18183.com/db_18183/static/wzry/static/images/heros/icon/42.png,,宫本武藏,战士,"{""生存能力："": 3, ""攻击伤害："": 10, ""技能效果："": 4, ""上手难度："": 9}",{}
http://db.18183.com/wzry/hero/9541.html,"{""最大生命"": ""2886"", ""最大法力"": ""0"", ""物理攻击"": ""170"", ""法术攻击"": ""0"", ""物理防御"": ""86"", ""物理减伤率"": ""12.5%"", ""法术防御"": "" 50"", ""法术减伤率"": "" 7.6%"", ""移速"": "" 380"", ""物理护甲穿透"": ""0"", ""法术护甲穿透"": ""0"", ""攻速加成"": ""0"", ""暴击几率"": ""0"", ""暴击效果"": ""200%"", ""物理吸血"": ""0"", ""法术吸血"": ""0"", ""冷却缩减"": ""0%"", ""攻击范围"": ""近程"", ""韧性"": ""0"", ""生命回复"": ""44"", ""法力回复"": ""0""}",https://img.18183.com/uploads/allimg/191025/266-1910251S100.jpg,,花木兰,"战士,刺客","{""生存能力："": 2, ""攻击伤害："": 9, ""技能效果："": 5, ""上手难度："": 9}",{}
http://db.18183.com/wzry/hero/9540.html,"{""最大生命"": ""3292"", ""最大法力"": ""450"", ""物理攻击"": ""171"", ""法术攻击"": ""0"", ""物理防御"": ""85"", ""物理减伤率"": ""12.4%"", ""法术防御"": "" 50"", ""法术减伤率"": "" 7.6%"", ""移速"": "" 400"", ""物理护甲穿透"": ""0"", ""法术护甲穿透"": ""0"", ""攻速加成"": ""0"", ""暴击几率"": ""0"", ""暴击效果"": ""200%"", ""物理吸血"": ""0"", ""法术吸血"": ""0"", ""冷却缩减"": ""0%"", ""攻击范围"": ""近程"", ""韧性"": ""0"", ""生命回复"": ""52"", ""法力回复"": ""19""}",https://img.18183.com/uploads/allimg/191025/266-1910251R116.jpg,,兰陵王,刺客,"{""生存能力："": 2, ""攻击伤害："": 10, ""技能效果："": 4, ""上手难度："": 6}",{}
http://db.18183.com/wzry/hero/9539.html,"{""最大生命"": ""3239"", ""最大法力"": ""450"", ""物理攻击"": ""173"", ""法术攻击"": ""0"", ""物理防御"": ""86"", ""物理减伤率"": ""12.5%"", ""法术防御"": "" 50"", ""法术减伤率"": "" 7.6%"", ""移速"": "" 380"", ""物理护甲穿透"": ""0"", ""法术护甲穿透"": ""0"", ""攻速加成"": ""0"", ""暴击几率"": ""0"", ""暴击效果"": ""200%"", ""物理吸血"": ""0"", ""法术吸血"": ""0"", ""冷却缩减"": ""0%"", ""攻击范围"": ""近程"", ""韧性"": ""0"", ""生命回复"": ""47"", ""法力回复"": ""16""}",https://img.18183.com/uploads/allimg/191025/266-1910251QP8.jpg,,娜可露露,刺客,"{""生存能力："": 3, ""攻击伤害："": 7, ""技能效果："": 6, ""上手难度："": 5}",{}
http://db.18183.com/wzry/hero/9538.html,"{""最大生命"": ""2968"", ""最大法力"": ""450"", ""物理攻击"": ""169"", ""法术攻击"": ""0"", ""物理防御"": ""98"", ""物理减伤率"": ""14%"", ""法术防御"": "" 50"", ""法术减伤率"": "" 7.6%"", ""移速"": "" 390"", ""物理护甲穿透"": ""0"", ""法术护甲穿透"": ""0"", ""攻速加成"": ""0"", ""暴击几率"": ""0"", ""暴击效果"": ""200%"", ""物理吸血"": ""0"", ""法术吸血"": ""0"", ""冷却缩减"": ""0%"", ""攻击范围"": ""近程"", ""韧性"": ""0"", ""生命回复"": ""49"", ""法力回复"": ""16""}",https://img.18183.com/uploads/allimg/191025/266-1910251Q147.jpg,,李白,"战士,刺客","{""生存能力："": 3, ""攻击伤害："": 6, ""技能效果："": 8, ""上手难度："": 6}",{}
http://db.18183.com/wzry/hero/9537.html,"{""最大生命"": ""3093"", ""最大法力"": ""490"", ""物理攻击"": ""160"", ""法术攻击"": ""0"", ""物理防御"": ""87"", ""物理减伤率"": ""12.6%"", ""法术防御"": "" 50"", ""法术减伤率"": "" 7.6%"", ""移速"": "" 350"", ""物理护甲穿透"": ""0"", ""法术护甲穿透"": ""0"", ""攻速加成"": ""0"", ""暴击几率"": ""0"", ""暴击效果"": ""200%"", ""物理吸血"": ""0"", ""法术吸血"": ""0"", ""冷却缩减"": ""0%"", ""攻击范围"": ""远程"", ""韧性"": ""0"", ""生命回复"": ""44"", ""法力回复"": ""17""}",https://img.18183.com/uploads/allimg/191025/266-1910251P520.jpg,,周瑜,法师,"{""生存能力："": 2, ""攻击伤害："": 5, ""技能效果："": 9, ""上手难度："": 7}",{}
http://db.18183.com/wzry/hero/9534.html,"{""最大生命"": ""3019"", ""最大法力"": ""490"", ""物理攻击"": ""167"", ""法术攻击"": ""0"", ""物理防御"": ""87"", ""物理减伤率"": ""12.6%"", ""法术防御"": "" 50"", ""法术减伤率"": "" 7.6%"", ""移速"": "" 350"", ""物理护甲穿透"": ""0"", ""法术护甲穿透"": ""0"", ""攻速加成"": ""0"", ""暴击几率"": ""0"", ""暴击效果"": ""200%"", ""物理吸血"": ""0"", ""法术吸血"": ""0"", ""冷却缩减"": ""0%"", ""攻击范围"": ""远程"", ""韧性"": ""0"", ""生命回复"": ""43"", ""法力回复"": ""17""}",https://img.18183.com/uploads/allimg/190929/266-1Z9291S133.jpg,,貂蝉,"刺客,法师","{""生存能力："": 2, ""攻击伤害："": 6, ""技能效果："": 7, ""上手难度："": 6}",{}
http://db.18183.com/wzry/hero/9536.html,"{""最大生命"": ""3027"", ""最大法力"": ""490"", ""物理攻击"": ""170"", ""法术攻击"": ""0"", ""物理防御"": ""87"", ""物理减伤率"": ""12.6%"", ""法术防御"": "" 50"", ""法术减伤率"": "" 7.6%"", ""移速"": "" 350"", ""物理护甲穿透"": ""0"", ""法术护甲穿透"": ""0"", ""攻速加成"": ""0"", ""暴击几率"": ""0"", ""暴击效果"": ""200%"", ""物理吸血"": ""0"", ""法术吸血"": ""0"", ""冷却缩减"": ""0%"", ""攻击范围"": ""远程"", ""韧性"": ""0"", ""生命回复"": ""43"", ""法力回复"": ""18""}",https://img.18183.com/uploads/allimg/190929/266-1Z9291T013-50.jpg,,张良,法师,"{""生存能力："": 2, ""攻击伤害："": 3, ""技能效果："": 10, ""上手难度："": 8}",{}
http://db.18183.com/wzry/hero/9533.html,"{""最大生命"": ""3537"", ""最大法力"": ""470"", ""物理攻击"": ""156"", ""法术攻击"": ""0"", ""物理防御"": ""109"", ""物理减伤率"": ""15.3%"", ""法术防御"": "" 50"", ""法术减伤率"": "" 7.6%"", ""移速"": "" 380"", ""物理护甲穿透"": ""0"", ""法术护甲穿透"": ""0"", ""攻速加成"": ""0"", ""暴击几率"": ""0"", ""暴击效果"": ""200%"", ""物理吸血"": ""0"", ""法术吸血"": ""0"", ""冷却缩减"": ""0%"", ""攻击范围"": ""近程"", ""韧性"": ""0"", ""生命回复"": ""58"", ""法力回复"": ""17""}",https://img.18183.com/uploads/allimg/190929/266-1Z9291R551.jpg,,牛魔,坦克,"{""生存能力："": 9, ""攻击伤害："": 2, ""技能效果："": 5, ""上手难度："": 7}",{}
http://db.18183.com/wzry/hero/9532.html,"{""最大生命"": ""3531"", ""最大法力"": ""0"", ""物理攻击"": ""174"", ""法术攻击"": ""0"", ""物理防御"": ""104"", ""物理减伤率"": ""14.7%"", ""法术防御"": "" 50"", ""法术减伤率"": "" 7.6%"", ""移速"": "" 380"", ""物理护甲穿透"": ""0"", ""法术护甲穿透"": ""0"", ""攻速加成"": ""0"", ""暴击几率"": ""0"", ""暴击效果"": ""200%"", ""物理吸血"": ""0"", ""法术吸血"": ""0"", ""冷却缩减"": ""0%"", ""攻击范围"": ""近程"", ""韧性"": ""0"", ""生命回复"": ""54"", ""法力回复"": ""0""}",https://img.18183.com/uploads/allimg/190929/266-1Z9291QQ0.jpg,,曹操,战士,"{""生存能力："": 6, ""攻击伤害："": 6, ""技能效果："": 5, ""上手难度："": 6}",{}
http://db.18183.com/wzry/hero/9531.html,"{""最大生命"": ""3305"", ""最大法力"": ""430"", ""物理攻击"": ""167"", ""法术攻击"": ""0"", ""物理防御"": ""98"", ""物理减伤率"": ""14%"", ""法术防御"": "" 50"", ""法术减伤率"": "" 7.6%"", ""移速"": "" 380"", ""物理护甲穿透"": ""0"", ""法术护甲穿透"": ""0"", ""攻速加成"": ""0"", ""暴击几率"": ""20"", ""暴击效果"": ""200%"", ""物理吸血"": ""0"", ""法术吸血"": ""0"", ""冷却缩减"": ""0%"", ""攻击范围"": ""近程"", ""韧性"": ""0"", ""生命回复"": ""50"", ""法力回复"": ""15""}",https://img.18183.com/uploads/allimg/190929/266-1Z9291P639.jpg,,孙悟空,"战士,刺客","{""生存能力："": 5, ""攻击伤害："": 5, ""技能效果："": 5, ""上手难度："": 4}",{}
http://db.18183.com/wzry/hero/9530.html,"{""最大生命"": ""3564"", ""最大法力"": ""0"", ""物理攻击"": ""170"", ""法术攻击"": ""0"", ""物理防御"": ""99"", ""物理减伤率"": ""14.1%"", ""法术防御"": "" 50"", ""法术减伤率"": "" 7.6%"", ""移速"": "" 370"", ""物理护甲穿透"": ""0"", ""法术护甲穿透"": ""0"", ""攻速加成"": ""0"", ""暴击几率"": ""0"", ""暴击效果"": ""200%"", ""物理吸血"": ""0"", ""法术吸血"": ""0"", ""冷却缩减"": ""0%"", ""攻击范围"": ""近程"", ""韧性"": ""0"", ""生命回复"": ""54"", ""法力回复"": ""0""}",https://img.18183.com/uploads/allimg/190929/266-1Z9291K618.jpg,,吕布,"坦克,战士","{""生存能力："": 5, ""攻击伤害："": 8, ""技能效果："": 3, ""上手难度："": 5}",{}
http://db.18183.com/wzry/hero/9529.html,"{""最大生命"": ""3510"", ""最大法力"": ""420"", ""物理攻击"": ""158"", ""法术攻击"": ""0"", ""物理防御"": ""120"", ""物理减伤率"": ""16.6%"", ""法术防御"": "" 50"", ""法术减伤率"": "" 7.6%"", ""移速"": "" 390"", ""物理护甲穿透"": ""0"", ""法术护甲穿透"": ""0"", ""攻速加成"": ""0"", ""暴击几率"": ""0"", ""暴击效果"": ""200%"", ""物理吸血"": ""0"", ""法术吸血"": ""0"", ""冷却缩减"": ""0%"", ""攻击范围"": ""近程"", ""韧性"": ""0"", ""生命回复"": ""58"", ""法力回复"": ""14""}",https://img.18183.com/uploads/allimg/190927/266-1Z92GT627.jpg,,白起,坦克,"{""生存能力："": 9, ""攻击伤害："": 4, ""技能效果："": 4, ""上手难度："": 3}",{}
http://db.18183.com/wzry/hero/9528.html,"{""最大生命"": ""3269"", ""最大法力"": ""0"", ""物理攻击"": ""177"", ""法术攻击"": ""0"", ""物理防御"": ""89"", ""物理减伤率"": ""12.9%"", ""法术防御"": "" 50"", ""法术减伤率"": "" 7.6%"", ""移速"": "" 380"", ""物理护甲穿透"": ""0"", ""法术护甲穿透"": ""0"", ""攻速加成"": ""0"", ""暴击几率"": ""0"", ""暴击效果"": ""200%"", ""物理吸血"": ""0"", ""法术吸血"": ""0"", ""冷却缩减"": ""0%"", ""攻击范围"": ""近程"", ""韧性"": ""0"", ""生命回复"": ""50"", ""法力回复"": ""0""}",https://img.18183.com/uploads/allimg/190927/266-1Z92GRA8-50.jpg,,阿轲,刺客,"{""生存能力："": 2, ""攻击伤害："": 10, ""技能效果："": 4, ""上手难度："": 6}",{}
http://db.18183.com/wzry/hero/9527.html,"{""最大生命"": ""3083"", ""最大法力"": ""420"", ""物理攻击"": ""181"", ""法术攻击"": ""0"", ""物理防御"": ""102"", ""物理减伤率"": ""14.5%"", ""法术防御"": "" 50"", ""法术减伤率"": "" 7.6%"", ""移速"": "" 380"", ""物理护甲穿透"": ""0"", ""法术护甲穿透"": ""0"", ""攻速加成"": ""0"", ""暴击几率"": ""0"", ""暴击效果"": ""200%"", ""物理吸血"": ""0"", ""法术吸血"": ""0"", ""冷却缩减"": ""0%"", ""攻击范围"": ""近程"", ""韧性"": ""0"", ""生命回复"": ""51"", ""法力回复"": ""15""}",https://img.18183.com/uploads/allimg/190927/266-1Z92GQJ5.jpg,,墨子,"坦克,法师","{""生存能力："": 8, ""攻击伤害："": 3, ""技能效果："": 5, ""上手难度："": 6}",{}
http://db.18183.com/wzry/hero/9526.html,"{""最大生命"": ""3558"", ""最大法力"": ""420"", ""物理攻击"": ""163"", ""法术攻击"": ""0"", ""物理防御"": ""132"", ""物理减伤率"": ""18%"", ""法术防御"": "" 50"", ""法术减伤率"": "" 7.6%"", ""移速"": "" 370"", ""物理护甲穿透"": ""0"", ""法术护甲穿透"": ""0"", ""攻速加成"": ""0"", ""暴击几率"": ""0"", ""暴击效果"": ""200%"", ""物理吸血"": ""0"", ""法术吸血"": ""0"", ""冷却缩减"": ""0%"", ""攻击范围"": ""近程"", ""韧性"": ""0"", ""生命回复"": ""59"", ""法力回复"": ""15""}",https://img.18183.com/uploads/allimg/190927/266-1Z92GQ329.jpg,,廉颇,坦克,"{""生存能力："": 9, ""攻击伤害："": 4, ""技能效果："": 5, ""上手难度："": 4}",{}
http://db.18183.com/wzry/hero/9525.html,"{""最大生命"": ""3267"", ""最大法力"": ""430"", ""物理攻击"": ""173"", ""法术攻击"": ""0"", ""物理防御"": ""84"", ""物理减伤率"": ""12.2%"", ""法术防御"": "" 50"", ""法术减伤率"": "" 7.6%"", ""移速"": "" 380"", ""物理护甲穿透"": ""0"", ""法术护甲穿透"": ""0"", ""攻速加成"": ""0"", ""暴击几率"": ""0"", ""暴击效果"": ""200%"", ""物理吸血"": ""0"", ""法术吸血"": ""0"", ""冷却缩减"": ""0%"", ""攻击范围"": ""近程"", ""韧性"": ""0"", ""生命回复"": ""50"", ""法力回复"": ""15""}",https://img.18183.com/uploads/allimg/190927/266-1Z92GP438-50.jpg,,赵云,"战士,刺客","{""生存能力："": 7, ""攻击伤害："": 6, ""技能效果："": 6, ""上手难度："": 5}",{}
http://db.18183.com/wzry/hero/9524.html,"{""最大生命"": ""3235"", ""最大法力"": ""440"", ""物理攻击"": ""172"", ""法术攻击"": ""0"", ""物理防御"": ""89"", ""物理减伤率"": ""12.9%"", ""法术防御"": "" 50"", ""法术减伤率"": "" 7.6%"", ""移速"": "" 350"", ""物理护甲穿透"": ""0"", ""法术护甲穿透"": ""0"", ""攻速加成"": ""0"", ""暴击几率"": ""0"", ""暴击效果"": ""200%"", ""物理吸血"": ""0"", ""法术吸血"": ""0"", ""冷却缩减"": ""0%"", ""攻击范围"": ""远程"", ""韧性"": ""0"", ""生命回复"": ""40"", ""法力回复"": ""15""}",https://img.18183.com/uploads/allimg/190927/266-1Z92GK151.jpg,,孙尚香,射手,"{""生存能力："": 5, ""攻击伤害："": 7, ""技能效果："": 6, ""上手难度："": 7}",{}
http://db.18183.com/wzry/hero/9523.html,"{""最大生命"": ""3083"", ""最大法力"": ""490"", ""物理攻击"": ""165"", ""法术攻击"": ""0"", ""物理防御"": ""91"", ""物理减伤率"": ""13.1%"", ""法术防御"": "" 50"", ""法术减伤率"": "" 7.6%"", ""移速"": "" 350"", ""物理护甲穿透"": ""0"", ""法术护甲穿透"": ""0"", ""攻速加成"": ""0"", ""暴击几率"": ""0"", ""暴击效果"": ""200%"", ""物理吸血"": ""0"", ""法术吸血"": ""0"", ""冷却缩减"": ""0%"", ""攻击范围"": ""远程"", ""韧性"": ""0"", ""生命回复"": ""44"", ""法力回复"": ""17""}",https://img.18183.com/uploads/allimg/190927/266-1Z92GJ157.jpg,,王昭君,法师,"{""生存能力："": 4, ""攻击伤害："": 8, ""技能效果："": 7, ""上手难度："": 8}",{}
http://db.18183.com/wzry/hero/9522.html,"{""最大生命"": ""3213"", ""最大法力"": ""420"", ""物理攻击"": ""171"", ""法术攻击"": ""0"", ""物理防御"": ""95"", ""物理减伤率"": ""13.6%"", ""法术防御"": "" 50"", ""法术减伤率"": "" 7.6%"", ""移速"": "" 380"", ""物理护甲穿透"": ""0"", ""法术护甲穿透"": ""0"", ""攻速加成"": ""0"", ""暴击几率"": ""0"", ""暴击效果"": ""200%"", ""物理吸血"": ""0"", ""法术吸血"": ""0"", ""冷却缩减"": ""0%"", ""攻击范围"": ""近程"", ""韧性"": ""0"", ""生命回复"": ""51"", ""法力回复"": ""15""}",https://img.18183.com/uploads/allimg/190927/266-1Z92GIF3.jpg,,达摩,战士,"{""生存能力："": 9, ""攻击伤害："": 6, ""技能效果："": 2, ""上手难度："": 4}",{}
http://db.18183.com/wzry/hero/9521.html,"{""最大生命"": ""3311"", ""最大法力"": ""420"", ""物理攻击"": ""170"", ""法术攻击"": ""0"", ""物理防御"": ""150"", ""物理减伤率"": ""20%"", ""法术防御"": "" 50"", ""法术减伤率"": "" 7.6%"", ""移速"": "" 390"", ""物理护甲穿透"": ""0"", ""法术护甲穿透"": ""0"", ""攻速加成"": ""0"", ""暴击几率"": ""0"", ""暴击效果"": ""200%"", ""物理吸血"": ""0"", ""法术吸血"": ""0"", ""冷却缩减"": ""0%"", ""攻击范围"": ""近程"", ""韧性"": ""0"", ""生命回复"": ""55"", ""法力回复"": ""15""}",https://img.18183.com/uploads/allimg/190927/266-1Z92GI110.jpg,,庄周,"坦克,辅助","{""生存能力："": 9, ""攻击伤害："": 2, ""技能效果："": 4, ""上手难度："": 4}",{}
http://db.18183.com/wzry/hero/9520.html,"{""最大生命"": ""2860"", ""最大法力"": ""490"", ""物理攻击"": ""173"", ""法术攻击"": ""0"", ""物理防御"": ""95"", ""物理减伤率"": ""13.6%"", ""法术防御"": "" 50"", ""法术减伤率"": "" 7.6%"", ""移速"": "" 350"", ""物理护甲穿透"": ""0"", ""法术护甲穿透"": ""0"", ""攻速加成"": ""0"", ""暴击几率"": ""0"", ""暴击效果"": ""200%"", ""物理吸血"": ""0"", ""法术吸血"": ""0"", ""冷却缩减"": ""0%"", ""攻击范围"": ""远程"", ""韧性"": ""0"", ""生命回复"": ""40"", ""法力回复"": ""18""}",https://img.18183.com/uploads/allimg/190927/266-1Z92GH635-50.jpg,,武则天,法师,"{""生存能力："": 4, ""攻击伤害："": 9, ""技能效果："": 6, ""上手难度："": 6}",{}
http://db.18183.com/wzry/hero/9519.html,"{""最大生命"": ""3125"", ""最大法力"": ""490"", ""物理攻击"": ""157"", ""法术攻击"": ""0"", ""物理防御"": ""91"", ""物理减伤率"": ""13.1%"", ""法术防御"": "" 50"", ""法术减伤率"": "" 7.6%"", ""移速"": "" 350"", ""物理护甲穿透"": ""0"", ""法术护甲穿透"": ""0"", ""攻速加成"": ""0"", ""暴击几率"": ""0"", ""暴击效果"": ""200%"", ""物理吸血"": ""0"", ""法术吸血"": ""0"", ""冷却缩减"": ""0%"", ""攻击范围"": ""远程"", ""韧性"": ""0"", ""生命回复"": ""44"", ""法力回复"": ""17""}",https://img.18183.com/uploads/allimg/190927/266-1Z92GH115-50.jpg,,嬴政,法师,"{""生存能力："": 6, ""攻击伤害："": 6, ""技能效果："": 7, ""上手难度："": 6}",{}
http://db.18183.com/wzry/hero/9518.html,"{""最大生命"": ""3150"", ""最大法力"": ""430"", ""物理攻击"": ""164"", ""法术攻击"": ""0"", ""物理防御"": ""100"", ""物理减伤率"": ""14.2%"", ""法术防御"": "" 50"", ""法术减伤率"": "" 7.6%"", ""移速"": "" 380"", ""物理护甲穿透"": ""0"", ""法术护甲穿透"": ""0"", ""攻速加成"": ""0"", ""暴击几率"": ""0"", ""暴击效果"": ""200%"", ""物理吸血"": ""0"", ""法术吸血"": ""0"", ""冷却缩减"": ""0%"", ""攻击范围"": ""近程"", ""韧性"": ""0"", ""生命回复"": ""48"", ""法力回复"": ""15""}",https://img.18183.com/uploads/allimg/190927/266-1Z92GG452.jpg,,钟无艳,"坦克,战士","{""生存能力："": 8, ""攻击伤害："": 7, ""技能效果："": 7, ""上手难度："": 6}",{}
http://db.18183.com/wzry/hero/9517.html,"{""最大生命"": ""3208"", ""最大法力"": ""470"", ""物理攻击"": ""176"", ""法术攻击"": ""0"", ""物理防御"": ""98"", ""物理减伤率"": ""14.1%"", ""法术防御"": "" 50"", ""法术减伤率"": "" 7.6%"", ""移速"": "" 350"", ""物理护甲穿透"": ""0"", ""法术护甲穿透"": ""0"", ""攻速加成"": ""0"", ""暴击几率"": ""0"", ""暴击效果"": ""200%"", ""物理吸血"": ""0"", ""法术吸血"": ""0"", ""冷却缩减"": ""0%"", ""攻击范围"": ""远程"", ""韧性"": ""0"", ""生命回复"": ""45"", ""法力回复"": ""17""}",https://img.18183.com/uploads/allimg/190926/266-1Z9261U419-50.jpg,,孙膑,"法师,辅助","{""生存能力："": 7, ""攻击伤害："": 4, ""技能效果："": 6, ""上手难度："": 7}",{}
http://db.18183.com/wzry/hero/9516.html,"{""最大生命"": ""3535"", ""最大法力"": ""420"", ""物理攻击"": ""157"", ""法术攻击"": ""0"", ""物理防御"": ""123"", ""物理减伤率"": ""17%"", ""法术防御"": "" 50"", ""法术减伤率"": "" 7.6%"", ""移速"": "" 370"", ""物理护甲穿透"": ""0"", ""法术护甲穿透"": ""0"", ""攻速加成"": ""0"", ""暴击几率"": ""0"", ""暴击效果"": ""200%"", ""物理吸血"": ""0"", ""法术吸血"": ""0"", ""冷却缩减"": ""0%"", ""攻击范围"": ""近程"", ""韧性"": ""0"", ""生命回复"": ""55"", ""法力回复"": ""20""}",https://img.18183.com/uploads/allimg/190926/266-1Z9261T643.jpg,,项羽,坦克,"{""生存能力："": 8, ""攻击伤害："": 5, ""技能效果："": 7, ""上手难度："": 4}",{}
http://db.18183.com/wzry/hero/9515.html,"{""最大生命"": ""3437"", ""最大法力"": ""0"", ""物理攻击"": ""161"", ""法术攻击"": ""0"", ""物理防御"": ""125"", ""物理减伤率"": ""17.2%"", ""法术防御"": "" 50"", ""法术减伤率"": "" 7.6%"", ""移速"": "" 380"", ""物理护甲穿透"": ""0"", ""法术护甲穿透"": ""0"", ""攻速加成"": ""0"", ""暴击几率"": ""0"", ""暴击效果"": ""200%"", ""物理吸血"": ""0"", ""法术吸血"": ""0"", ""冷却缩减"": ""0%"", ""攻击范围"": ""远程"", ""韧性"": ""0"", ""生命回复"": ""57"", ""法力回复"": ""0""}",https://img.18183.com/uploads/allimg/190926/266-1Z9261S623.jpg,,程咬金,"坦克,战士","{""生存能力："": 8, ""攻击伤害："": 6, ""技能效果："": 5, ""上手难度："": 3}",{}
http://db.18183.com/wzry/hero/9514.html,"{""最大生命"": ""2988"", ""最大法力"": ""430"", ""物理攻击"": ""172"", ""法术攻击"": ""0"", ""物理防御"": ""92"", ""物理减伤率"": ""13.2%"", ""法术防御"": "" 50"", ""法术减伤率"": "" 7.6%"", ""移速"": "" 380"", ""物理护甲穿透"": ""0"", ""法术护甲穿透"": ""0"", ""攻速加成"": ""0"", ""暴击几率"": ""0"", ""暴击效果"": ""200%"", ""物理吸血"": ""0"", ""法术吸血"": ""0"", ""冷却缩减"": ""0%"", ""攻击范围"": ""近程"", ""韧性"": ""0"", ""生命回复"": ""45"", ""法力回复"": ""15""}",https://img.18183.com/uploads/allimg/190926/266-1Z9261R921.jpg,,韩信,"战士,刺客","{""生存能力："": 3, ""攻击伤害："": 6, ""技能效果："": 8, ""上手难度："": 8}",{}
http://db.18183.com/wzry/hero/9513.html,"{""最大生命"": ""3242"", ""最大法力"": ""440"", ""物理攻击"": ""169"", ""法术攻击"": ""0"", ""物理防御"": ""95"", ""物理减伤率"": ""13.6%"", ""法术防御"": "" 50"", ""法术减伤率"": "" 7.6%"", ""移速"": "" 360"", ""物理护甲穿透"": ""0"", ""法术护甲穿透"": ""0"", ""攻速加成"": ""0"", ""暴击几率"": ""0"", ""暴击效果"": ""200%"", ""物理吸血"": ""0"", ""法术吸血"": ""0"", ""冷却缩减"": ""0%"", ""攻击范围"": ""远程"", ""韧性"": ""0"", ""生命回复"": ""40"", ""法力回复"": ""15""}",https://img.18183.com/uploads/allimg/190926/266-1Z9261QQ7-50.jpg,,狄仁杰,射手,"{""生存能力："": 5, ""攻击伤害："": 7, ""技能效果："": 8, ""上手难度："": 6}",{}
http://db.18183.com/wzry/hero/9512.html,"{""最大生命"": ""3205"", ""最大法力"": ""490"", ""物理攻击"": ""168"", ""法术攻击"": ""0"", ""物理防御"": ""87"", ""物理减伤率"": ""12.6%"", ""法术防御"": "" 50"", ""法术减伤率"": "" 7.6%"", ""移速"": "" 350"", ""物理护甲穿透"": ""0"", ""法术护甲穿透"": ""0"", ""攻速加成"": ""0"", ""暴击几率"": ""0"", ""暴击效果"": ""200%"", ""物理吸血"": ""0"", ""法术吸血"": ""0"", ""冷却缩减"": ""0%"", ""攻击范围"": ""远程"", ""韧性"": ""0"", ""生命回复"": ""45"", ""法力回复"": ""18""}",https://img.18183.com/uploads/allimg/190926/266-1Z9261PA8.jpg,,扁鹊,"法师,辅助","{""生存能力："": 4, ""攻击伤害："": 7, ""技能效果："": 3, ""上手难度："": 4}",{}
http://db.18183.com/wzry/hero/9511.html,"{""最大生命"": ""3323"", ""最大法力"": ""490"", ""物理攻击"": ""170"", ""法术攻击"": ""0"", ""物理防御"": ""83"", ""物理减伤率"": ""12.1%"", ""法术防御"": "" 50"", ""法术减伤率"": "" 7.6%"", ""移速"": "" 360"", ""物理护甲穿透"": ""0"", ""法术护甲穿透"": ""0"", ""攻速加成"": ""0"", ""暴击几率"": ""0"", ""暴击效果"": ""200%"", ""物理吸血"": ""0"", ""法术吸血"": ""0"", ""冷却缩减"": ""0%"", ""攻击范围"": ""远程"", ""韧性"": ""0"", ""生命回复"": ""47"", ""法力回复"": ""17""}",https://img.18183.com/uploads/allimg/190924/266-1Z9241SZ6-50.jpg,,安琪拉,法师,"{""生存能力："": 5, ""攻击伤害："": 9, ""技能效果："": 8, ""上手难度："": 6}",{}
http://db.18183.com/wzry/hero/9510.html,"{""最大生命"": ""3088"", ""最大法力"": ""490"", ""物理攻击"": ""153"", ""法术攻击"": ""0"", ""物理防御"": ""95"", ""物理减伤率"": ""13.6%"", ""法术防御"": "" 50"", ""法术减伤率"": "" 7.6%"", ""移速"": "" 350"", ""物理护甲穿透"": ""0"", ""法术护甲穿透"": ""0"", ""攻速加成"": ""0"", ""暴击几率"": ""0"", ""暴击效果"": ""200%"", ""物理吸血"": ""0"", ""法术吸血"": ""0"", ""冷却缩减"": ""0%"", ""攻击范围"": ""远程"", ""韧性"": ""0"", ""生命回复"": ""44"", ""法力回复"": ""18""}",https://img.18183.com/uploads/allimg/190924/266-1Z9241S153-50.jpg,,小乔,法师,"{""生存能力："": 1, ""攻击伤害："": 5, ""技能效果："": 8, ""上手难度："": 4}",{}
http://db.18183.com/wzry/hero/9509.html,"{""最大生命"": ""3229"", ""最大法力"": ""490"", ""物理攻击"": ""170"", ""法术攻击"": ""0"", ""物理防御"": ""86"", ""物理减伤率"": ""12.5%"", ""法术防御"": "" 50"", ""法术减伤率"": "" 7.6%"", ""移速"": "" 350"", ""物理护甲穿透"": ""0"", ""法术护甲穿透"": ""0"", ""攻速加成"": ""0"", ""暴击几率"": ""0"", ""暴击效果"": ""200%"", ""物理吸血"": ""0"", ""法术吸血"": ""0"", ""冷却缩减"": ""0%"", ""攻击范围"": ""远程"", ""韧性"": ""0"", ""生命回复"": ""46"", ""法力回复"": ""18""}",https://img.18183.com/uploads/allimg/190924/266-1Z9241R202.jpg,,妲己,法师,"{""生存能力："": 1, ""攻击伤害："": 4, ""技能效果："": 9, ""上手难度："": 3}",{}
http://db.18183.com/wzry/hero/9508.html,"{""最大生命"": ""3370"", ""最大法力"": ""430"", ""物理攻击"": ""168"", ""法术攻击"": ""0"", ""物理防御"": ""100"", ""物理减伤率"": ""14.2%"", ""法术防御"": "" 50"", ""法术减伤率"": "" 7.6%"", ""移速"": "" 390"", ""物理护甲穿透"": ""0"", ""法术护甲穿透"": ""0"", ""攻速加成"": ""0"", ""暴击几率"": ""0"", ""暴击效果"": ""200%"", ""物理吸血"": ""0"", ""法术吸血"": ""0"", ""冷却缩减"": ""0%"", ""攻击范围"": ""近程"", ""韧性"": ""0"", ""生命回复"": ""51"", ""法力回复"": ""16""}",https://img.18183.com/uploads/allimg/190924/266-1Z9241Q544.jpg,,老夫子,战士,"{""生存能力："": 6, ""攻击伤害："": 7, ""技能效果："": 3, ""上手难度："": 6}",{}
http://db.18183.com/wzry/hero/9507.html,"{""最大生命"": ""3622"", ""最大法力"": ""0"", ""物理攻击"": ""164"", ""法术攻击"": ""0"", ""物理防御"": ""98"", ""物理减伤率"": ""14.1%"", ""法术防御"": "" 50"", ""法术减伤率"": "" 7.6%"", ""移速"": "" 390"", ""物理护甲穿透"": ""0"", ""法术护甲穿透"": ""0"", ""攻速加成"": ""0"", ""暴击几率"": ""0"", ""暴击效果"": ""200%"", ""物理吸血"": ""0"", ""法术吸血"": ""0"", ""冷却缩减"": ""0%"", ""攻击范围"": ""近程"", ""韧性"": ""0"", ""生命回复"": ""55"", ""法力回复"": ""0""}",https://img.18183.com/uploads/allimg/190924/266-1Z9241Q224.jpg,,亚瑟,"坦克,战士","{""生存能力："": 7, ""攻击伤害："": 6, ""技能效果："": 5, ""上手难度："": 3}",{}
http://db.18183.com/wzry/hero/9506.html,"{""最大生命"": ""3364"", ""最大法力"": ""420"", ""物理攻击"": ""178"", ""法术攻击"": ""0"", ""物理防御"": ""139"", ""物理减伤率"": ""20%"", ""法术防御"": "" 50"", ""法术减伤率"": "" 7.6%"", ""移速"": "" 380"", ""物理护甲穿透"": ""0"", ""法术护甲穿透"": ""0"", ""攻速加成"": ""0"", ""暴击几率"": ""0"", ""暴击效果"": ""200%"", ""物理吸血"": ""0"", ""法术吸血"": ""0"", ""冷却缩减"": ""0%"", ""攻击范围"": ""近程"", ""韧性"": ""0"", ""生命回复"": ""56"", ""法力回复"": ""15""}",https://img.18183.com/uploads/allimg/190924/266-1Z9241P514.jpg,,刘禅,坦克,"{""生存能力："": 8, ""攻击伤害："": 3, ""技能效果："": 5, ""上手难度："": 3}",{}
http://db.18183.com/wzry/hero/9505.html,"{""最大生命"": ""3401"", ""最大法力"": ""440"", ""物理攻击"": ""174"", ""法术攻击"": ""0"", ""物理防御"": ""88"", ""物理减伤率"": ""12.7%"", ""法术防御"": "" 50"", ""法术减伤率"": "" 7.6%"", ""移速"": "" 360"", ""物理护甲穿透"": ""0"", ""法术护甲穿透"": ""0"", ""攻速加成"": ""0"", ""暴击几率"": ""0"", ""暴击效果"": ""200%"", ""物理吸血"": ""0"", ""法术吸血"": ""0"", ""冷却缩减"": ""0%"", ""攻击范围"": ""远程"", ""韧性"": ""0"", ""生命回复"": ""42"", ""法力回复"": ""15""}",https://img.18183.com/uploads/allimg/190920/266-1Z9201SJ8.jpg,,鲁班七号,射手,"{""生存能力："": 4, ""攻击伤害："": 7, ""技能效果："": 6, ""上手难度："": 6}",{}
http://db.18183.com/wzry/hero/9504.html,"{""最大生命"": ""3041"", ""最大法力"": ""490"", ""物理攻击"": ""165"", ""法术攻击"": ""0"", ""物理防御"": ""87"", ""物理减伤率"": ""12.6%"", ""法术防御"": "" 50"", ""法术减伤率"": "" 7.6%"", ""移速"": "" 360"", ""物理护甲穿透"": ""0"", ""法术护甲穿透"": ""0"", ""攻速加成"": ""0"", ""暴击几率"": ""0"", ""暴击效果"": ""200%"", ""物理吸血"": ""0"", ""法术吸血"": ""0"", ""冷却缩减"": ""0%"", ""攻击范围"": ""远程"", ""韧性"": ""0"", ""生命回复"": ""43"", ""法力回复"": ""18""}",https://img.18183.com/uploads/allimg/190920/266-1Z9201R324.jpg,,甄姬,法师,"{""生存能力："": 2, ""攻击伤害："": 5, ""技能效果："": 7, ""上手难度："": 3}",{}
http://db.18183.com/wzry/hero/9503.html,"{""最大生命"": ""3434"", ""最大法力"": ""430"", ""物理攻击"": ""168"", ""法术攻击"": ""0"", ""物理防御"": ""89"", ""物理减伤率"": ""12.9%"", ""法术防御"": "" 50"", ""法术减伤率"": "" 7.6%"", ""移速"": "" 370"", ""物理护甲穿透"": ""0"", ""法术护甲穿透"": ""0"", ""攻速加成"": ""0"", ""暴击几率"": ""0"", ""暴击效果"": ""200%"", ""物理吸血"": ""0"", ""法术吸血"": ""0"", ""冷却缩减"": ""0%"", ""攻击范围"": ""近程"", ""韧性"": ""0"", ""生命回复"": ""52"", ""法力回复"": ""16""}",https://img.18183.com/uploads/allimg/190920/266-1Z9201Q412.jpg,,典韦,战士,"{""生存能力："": 6, ""攻击伤害："": 6, ""技能效果："": 3, ""上手难度："": 2}",{}
http://db.18183.com/wzry/hero/9502.html,"{""最大生命"": ""2958"", ""最大法力"": ""490"", ""物理攻击"": ""168"", ""法术攻击"": ""0"", ""物理防御"": ""106"", ""物理减伤率"": ""15%"", ""法术防御"": "" 50"", ""法术减伤率"": "" 7.6%"", ""移速"": "" 350"", ""物理护甲穿透"": ""0"", ""法术护甲穿透"": ""0"", ""攻速加成"": ""0"", ""暴击几率"": ""0"", ""暴击效果"": ""200%"", ""物理吸血"": ""0"", ""法术吸血"": ""0"", ""冷却缩减"": ""0%"", ""攻击范围"": ""远程"", ""韧性"": ""0"", ""生命回复"": ""42"", ""法力回复"": ""18""}",https://img.18183.com/uploads/allimg/190920/266-1Z9201P105.jpg,,姜子牙,"法师,辅助","{""生存能力："": 1, ""攻击伤害："": 3, ""技能效果："": 8, ""上手难度："": 3}",{}
http://db.18183.com/wzry/hero/9501.html,"{""最大生命"": ""3122"", ""最大法力"": ""490"", ""物理攻击"": ""163"", ""法术攻击"": ""0"", ""物理防御"": ""98"", ""物理减伤率"": ""14%"", ""法术防御"": "" 50"", ""法术减伤率"": "" 7.6%"", ""移速"": "" 370"", ""物理护甲穿透"": ""0"", ""法术护甲穿透"": ""0"", ""攻速加成"": ""0"", ""暴击几率"": ""0"", ""暴击效果"": ""200%"", ""物理吸血"": ""0"", ""法术吸血"": ""0"", ""冷却缩减"": ""0%"", ""攻击范围"": ""远程"", ""韧性"": ""0"", ""生命回复"": ""44"", ""法力回复"": ""17""}",https://img.18183.com/uploads/allimg/190919/266-1Z9191T637.jpg,,高渐离,法师,"{""生存能力："": 5, ""攻击伤害："": 8, ""技能效果："": 7, ""上手难度："": 3}",{}
http://db.18183.com/wzry/hero/9535.html,"{""最大生命"": ""3105"", ""最大法力"": ""100"", ""物理攻击"": ""152"", ""法术攻击"": ""0"", ""物理防御"": ""88"", ""物理减伤率"": ""12.7%"", ""法术防御"": "" 50"", ""法术减伤率"": "" 7.6%"", ""移速"": "" 370"", ""物理护甲穿透"": ""0"", ""法术护甲穿透"": ""0"", ""攻速加成"": ""0"", ""暴击几率"": ""0"", ""暴击效果"": ""200%"", ""物理吸血"": ""0"", ""法术吸血"": ""0"", ""冷却缩减"": ""0%"", ""攻击范围"": ""远程"", ""韧性"": ""0"", ""生命回复"": ""44"", ""法力回复"": ""0""}",https://img.18183.com/uploads/allimg/190929/266-1Z9291S621.jpg,,芈月,"坦克,法师","{""生存能力："": 5, ""攻击伤害："": 4, ""技能效果："": 7, ""上手难度："": 3}",{}
http://db.18183.com/wzry/hero/14488.html,"{""最大生命"": ""3189"", ""最大法力"": ""490"", ""物理攻击"": ""159"", ""法术攻击"": ""0"", ""物理防御"": ""92"", ""物理减伤率"": ""13.5%"", ""法术防御"": "" 50"", ""法术减伤率"": "" 7.6%"", ""移速"": "" 380"", ""物理护甲穿透"": ""0"", ""法术护甲穿透"": ""0"", ""攻速加成"": ""0"", ""暴击几率"": ""0"", ""暴击效果"": ""200%"", ""物理吸血"": ""0"", ""法术吸血"": ""0"", ""冷却缩减"": ""0%"", ""攻击范围"": ""远程"", ""韧性"": ""0"", ""生命回复"": ""45"", ""法力回复"": ""17""}",http://img.18183.com/uploads/allimg/170424/36-1F424163110.jpg,,干将莫邪,法师,"{""生存能力："": 3, ""攻击伤害："": 6, ""技能效果："": 8, ""上手难度："": 9}",{}
http://db.18183.com/wzry/hero/15863.html,"{""最大生命"": ""3237"", ""最大法力"": ""420"", ""物理攻击"": ""151"", ""法术攻击"": ""0"", ""物理防御"": ""97"", ""物理减伤率"": ""13.9%%"", ""法术防御"": "" 50"", ""法术减伤率"": "" 7.6%%"", ""移速"": "" 380"", ""物理护甲穿透"": ""0/0%"", ""法术护甲穿透"": ""0/0%"", ""攻速加成"": ""0%"", ""暴击几率"": ""0%"", ""暴击效果"": ""200%%"", ""物理吸血"": ""0%"", ""法术吸血"": ""0%"", ""冷却缩减"": ""0%%"", ""攻击范围"": ""近程"", ""韧性"": ""0%"", ""生命回复"": ""80"", ""法力回复"": ""15""}",http://img.18183.com/uploads/allimg/180627/194-1P62GQ507.jpg,孙策的被动可以回复血量，在线上这是很好的一个续航，一技能作为一个位移技能，等到被动好了的时候孙策可以用一技能上前消耗。我们可以呼叫打野过来支援，孙策的粘人还是很强的，二技能命中后可以造成减速，因为二技能可以释放三次并且减速效果是有叠加的所以基本黏住对面是跑不了的。,孙策,坦克,"{""生存能力："": 8, ""攻击伤害："": 5, ""技能效果："": 8, ""上手难度："": 4}",{}
http://db.18183.com/wzry/hero/16066.html,"{""最大生命"": ""3067"", ""最大法力"": ""0"", ""物理攻击"": ""154"", ""法术攻击"": ""0"", ""物理防御"": ""99"", ""物理减伤率"": ""14.1%%"", ""法术防御"": "" 50"", ""法术减伤率"": "" 7.6%%"", ""移速"": "" 380"", ""物理护甲穿透"": ""0"", ""法术护甲穿透"": ""0"", ""攻速加成"": ""0"", ""暴击几率"": ""0"", ""暴击效果"": ""200%%"", ""物理吸血"": ""0"", ""法术吸血"": ""0"", ""冷却缩减"": ""0%"", ""攻击范围"": ""近程"", ""韧性"": ""0"", ""生命回复"": ""76"", ""法力回复"": ""0""}",https://img.18183.com/uploads/allimg/190124/237-1Z124155SM57.png,猪八戒可以说是一个非常全面的战士坦克了，拥有非常好的身板同时技能都是控制，可以先手、可以后手，可以说猪八戒上线后会成为新的辅助或者边路王者。,猪八戒,"坦克,战士","{""生存能力："": 10, ""攻击伤害："": 8, ""技能效果："": 10, ""上手难度："": 6}",{}
http://db.18183.com/wzry/hero/16117.html,"{""最大生命"": ""3307"", ""最大法力"": ""0"", ""物理攻击"": ""168"", ""法术攻击"": ""0"", ""物理防御"": ""96"", ""物理减伤率"": ""13.7%%"", ""法术防御"": "" 50"", ""法术减伤率"": "" 7.6%%"", ""移速"": "" 370"", ""物理护甲穿透"": ""0"", ""法术护甲穿透"": ""0"", ""攻速加成"": ""0"", ""暴击几率"": ""0"", ""暴击效果"": ""200%%"", ""物理吸血"": ""0"", ""法术吸血"": ""0"", ""冷却缩减"": ""0%"", ""攻击范围"": ""近程"", ""韧性"": ""0"", ""生命回复"": ""50"", ""法力回复"": ""0""}",https://img.18183.com/uploads/allimg/190812/236-1ZQ2145432.png,马超的强化普攻不可以直接锁定目标，必须用方向键锁定位置后再进行普攻。类似于关羽的技能和普攻都不能锁定目标，必须用方向键控制进攻方向!马超的强化普攻是一段小位移，可以穿越部分墙体，同时对穿越范围造成Aoe伤害。强化普攻有4秒的存储时间，可以提早捡枪存强化普攻。,马超,战士,"{""生存能力："": 5, ""攻击伤害："": 7, ""技能效果："": 7, ""上手难度："": 8}",{}
http://db.18183.com/wzry/hero/16178.html,"{""最大生命"": ""3287"", ""最大法力"": ""420"", ""物理攻击"": ""166"", ""法术攻击"": ""0"", ""物理防御"": ""127"", ""物理减伤率"": ""17.4%%"", ""法术防御"": "" 50"", ""法术减伤率"": "" 7.6%%"", ""移速"": "" 380"", ""物理护甲穿透"": ""0"", ""法术护甲穿透"": ""0"", ""攻速加成"": ""0"", ""暴击几率"": ""0"", ""暴击效果"": ""200%"", ""物理吸血"": ""0"", ""法术吸血"": ""0"", ""冷却缩减"": ""0%"", ""攻击范围"": ""近程"", ""韧性"": ""0"", ""生命回复"": ""83"", ""法力回复"": ""15""}",https://img.18183.com/uploads/allimg/191031/266-191031164046.jpg,鲁班大师是一个比较强力的英雄，有着不容忽视的战略意义。可以作为走边走辅都行的“摇摆位”。有坦度，有续航，还有多段大范围的控制伤害效果，适配性非常高，用来“保护”鲁班七号这种脆弱的小射手，应该是最好不过的了。不过，缺点也比较明显，就是有点笨重，没有位移手段，而且技能需要延迟释放，限制敌人的同时也容易被针对。,鲁班大师,坦克,"{""生存能力："": 8, ""攻击伤害："": 5, ""技能效果："": 7, ""上手难度："": 6}",{}
